1p_B72s6Ix0	done	src/content/sources/2026-04-23-pbd-podcast-ex-cia-officer-confronted-over-zionist-accusa.md	2026-07-11T23:06:33Z
vcgJXirykZE	done	src/content/sources/2024-07-16-danny-jones-trump-assassination-attempt-john-is-co-guest.md	2026-07-11T23:10:09Z
sWucl8ZRiK8	done	src/content/sources/2026-03-24-michael-franzese-iran-israel-epstein-are-all-connected.md	2026-07-11T23:10:14Z
drZH5_d9Xg0	done	src/content/sources/2026-05-17-the-matan-show-matan-confronts-kiriakou-israel.md	2026-07-11T23:11:02Z
C4Hz6bUAiHI	done	src/content/sources/2026-07-09-byrna-how-to-spot-danger-before-it-s-too-late.md	2026-07-11T23:11:39Z
Y1E8EypwzPA	done	src/content/sources/2024-02-19-kevin-gosztola-unauthorized-disclosure-kevin-gosztola-unauthorized-disclosure.md	2026-07-11T23:11:41Z
J_GA5Wj3-94	done	src/content/sources/2025-01-25-kim-iversen-why-abolishing-the-cia-won-t-change-anything.md	2026-07-11T23:11:53Z
zssCchYDO5A	done	src/content/sources/2025-03-14-jack-hopkins-inside-the-mind-of-a-cia-whistleblower.md	2026-07-11T23:12:03Z
4V5GlZ4IodQ	done	src/content/sources/2025-10-11-dialogue-works-charlie-kirk-s-story-crumbles-iran.md	2026-07-11T23:12:17Z
PA2Sh1zpgfU	done	src/content/sources/2025-12-09-dialogue-works-charlie-kirk-s-story-cracks-hegseth.md	2026-07-11T23:12:35Z
Z-qsocM6Khc	done	src/content/sources/2025-11-20-american-exception-cia-veterans-deep-state-w-barry-eisler.md	2026-07-11T23:12:42Z
GaiyVMRGE0M	done	src/content/sources/2015-04-02-vice-news-the-government-turned-me-into-a-dissident.md	2026-07-11T23:12:48Z
5JUqRcpwkS0	done	src/content/sources/2017-03-17-the-zero-hour-rj-eskow-the-zero-hour-rj-eskow.md	2026-07-11T23:12:59Z
Ndpaua_S5lg	done	src/content/sources/2019-12-19-jared-leto-beyond-the-horizon-jared-leto-beyond-the-horizon.md	2026-07-11T23:13:03Z
G4nd6oOC4iU	done	src/content/sources/2021-01-24-the-grayzone-parampil-pay-for-pardons-trump-s-final-flop.md	2026-07-11T23:13:07Z
DZh9W-TWV1o	done	src/content/sources/2023-07-22-david-pakman-show-rudy-trump-offered-me-a-pardon-for-2m.md	2026-07-11T23:13:32Z
7i5osl-M9do	done	src/content/sources/2026-06-08-the-sharpe-exchange-reveals-the-dark-reality-of-intel-ops.md	2026-07-11T23:13:42Z
wVQjgd1Tqz4	done	src/content/sources/2025-07-11-useful-idiots-halper-mat-they-destroyed-epstein-files.md	2026-07-11T23:13:49Z
SBCSSQ0bpBA	done	src/content/sources/2023-03-20-trt-world-the-innerview-the-cia-spy-who-blew-the-whistle-on-torture.md	2026-07-11T23:14:00Z
nJ6yjjr1ogA	done	src/content/sources/2026-03-02-judging-freedom-iranian-retaliation-strikes-the-cia.md	2026-07-11T23:14:12Z
TGvgUl7geeM	done	src/content/sources/2017-04-18-ron-paul-liberty-report-ron-paul-liberty-report.md	2026-07-11T23:14:27Z
YeBIRH9VlBQ	done	src/content/sources/2013-01-30-democracy-now-sentenced-to-prison-while-torturers-walk-free.md	2026-07-11T23:14:33Z
dAmdo2MzzhE	done	src/content/sources/2017-05-17-democracy-now-blowing-the-whistle-why-trump-worries-him.md	2026-07-11T23:14:37Z
fX2YMB6dWJw	done	src/content/sources/2018-06-05-tedx-foggybottom-how-i-became-a-cia-whistleblower.md	2026-07-11T23:14:41Z
_CFWmuIgQIE	done	src/content/sources/2025-02-25-mk-ultra-usaid-overthrowing-governments.md	2026-07-11T23:14:43Z
scrGRKVa-Q4	done	src/content/sources/2025-02-28-epstein-bin-laden-china-israel.md	2026-07-11T23:14:49Z
F3MFGJFh4Ps	done	src/content/sources/2025-11-18-nuclear-war-vault-7-mossad-in-iran.md	2026-07-11T23:15:05Z
vmDn8YzxVeQ	done	src/content/sources/2026-02-23-epstein-lies-satanic-elite-mossad.md	2026-07-11T23:15:18Z
OCtooapE9Ho	done	src/content/sources/2026-07-10-kiriakou-takes-ana-cenk-behind-the-curtain.md	2026-07-11T23:15:35Z
72EuwXMxSAQ	done	src/content/sources/2023-09-22-ex-cia-officer-exposes-the-torture-program.md	2026-07-11T23:15:45Z
eIfwisOJH1E	done	src/content/sources/2026-07-10-the-untold-stories-of-john-kiriakou.md	2026-07-11T23:15:49Z
PKficzm5-8g	done	src/content/sources/2026-07-06-the-pocket-chris-griffin-never-trust-the-government-resolves-a-batch-4.md	2026-07-11T23:16:01Z
mP17LjLLXhk	done	src/content/sources/2022-05-23-how-cia-s-rogue-agent-survived-prison-probe-v.md	2026-07-11T23:16:04Z
6kmi7Tkpf7Q	done	src/content/sources/2024-01-16-fortress-on-a-hill-henri.md	2026-07-11T23:16:07Z
cEa_k3SAguU	done	src/content/sources/2024-01-05-wall-of-power-radio-hour-w-kiriakou.md	2026-07-11T23:16:11Z
bKx-CsyO_zI	done	src/content/sources/2026-07-09-part-2-how-well-do-you-really-know-him.md	2026-07-11T23:16:19Z
rzDSowz83y8	done	src/content/sources/2025-09-06-ep-82-choosing-truth-over-career.md	2026-07-11T23:16:23Z
GmDLt0eVZJc	done	src/content/sources/2021-01-05-talks-with-kiriakou-about-the-assange-extradi.md	2026-07-11T23:16:25Z
V6eXin4Blys	done	src/content/sources/2019-10-03-kiriakou-on-the-cia-obama-vs-trump.md	2026-07-11T23:16:27Z
N0SqIILhQN4	done	src/content/sources/2021-09-30-kiriakou-nixon-on-the-latest-assange-news.md	2026-07-11T23:16:38Z
Eyt8t7fVjlE	done	src/content/sources/2025-12-15-epstein-was-an-access-agent-for-mossad.md	2026-07-11T23:16:41Z
lBBVyHHIWwU	done	src/content/sources/2024-12-06-reveals-all-about-us-involvement-in-syria.md	2026-07-11T23:16:45Z
https://rss.buzzsprout.com/1903718.rss	done	src/content/sources/2021-12-11-covertaction-bulletin-the-9-9-2001-massoud-assassination.md	2026-07-11T23:23:38Z
nQZGD1d9aeI	done	src/content/sources/2015-04-01-a-cia-whistleblower-speaks.md	2026-07-11T23:26:26Z
JKpyBR-tmuk	done	src/content/sources/2024-10-23-when-will-israel-attack-iran.md	2026-07-11T23:26:35Z
Trdw3Ykm53Y	rejected	re-cut-of-2025-10-24-ani-pakistan-90.2pct	2026-08-08T08:05:00Z
mfsdrNvEuL8	done	src/content/sources/2015-05-21-the-scholars-john-kiriakou.md	2026-07-11T23:35:16Z
Ef--cDAHlp8	done	src/content/sources/2020-02-25-london-report-on-the-assange-extradition-hear.md	2026-07-11T23:35:20Z
pHGVgw3MTbc	done	src/content/sources/2026-06-06-mossad-s-deadly-tactic-in-iran.md	2026-07-11T23:35:27Z
6Dc3VQJIJRw	done	src/content/sources/2020-02-17-the-bitter-truth-abe-abdelhadi.md	2026-07-11T23:35:33Z
wg-aHgwFdCY	done	src/content/sources/2019-09-06-what-julian-assange-is-up-against.md	2026-07-11T23:35:37Z
kE1X4X9Eezc	done	src/content/sources/2013-01-30-democracy-now-john-brennan-a-terrible-choice-to-lead-the-ci.md	2026-07-11T23:35:40Z
UV4Cd-9lJA8	done	src/content/sources/2017-08-08-democracy-now-jeff-sessions-is-extending-obama-s-war-on-lea.md	2026-07-11T23:35:47Z
4eWtn8RQ9_g	done	src/content/sources/2019-09-01-cn-live-kiriakou-on-the-upcoming-9-11-trial.md	2026-07-11T23:35:58Z
CiRyux1t9TQ	done	src/content/sources/2025-10-20-the-cia-is-the-greatest-threat-to-the-planet.md	2026-07-11T23:36:11Z
FUGHG0Yy6BA	done	src/content/sources/2026-02-08-how-epstein-was-used-by-mossad-cia-mi6.md	2026-07-11T23:36:19Z
ozUzW_3pBcw	done	src/content/sources/2019-06-29-what-will-happen-to-julian-assange.md	2026-07-11T23:36:24Z
6aDKlkV4G2A	done	src/content/sources/2025-06-29-spy-diaries-ep-01-hunted-al-qaeda-in-pakistan.md	2026-07-11T23:36:30Z
WEKxuNFf308	done	src/content/sources/2025-07-03-spy-diaries-jailed-for-exposing-the-cia.md	2026-07-11T23:37:56Z
xJ-wWaoF9iw	done	src/content/sources/2021-10-11-scott-horton-ep-5610-the-torture-of-abu-zubaydah.md	2026-07-11T23:40:14Z
v8zrgfI0QvU	done	src/content/sources/2018-02-06-scott-horton-ep-4510-cia-torture-network-whistleblowing.md	2026-07-11T23:40:18Z
UXfZPr-fRB8	done	src/content/sources/2018-02-06-scott-horton-ep-4439-torture-program-his-time-in-prison.md	2026-07-11T23:40:20Z
9D7u9ElyjZQ	done	src/content/sources/2018-03-21-scott-horton-ep-4629-gina-haspel-s-nomination.md	2026-07-11T23:40:32Z
Ke04A5kj9PU	done	src/content/sources/2019-09-08-scott-horton-ep-5050-deep-state-s-search-for-a-russiagate.md	2026-07-11T23:40:34Z
_zGMFZ1Kgww	done	src/content/sources/2021-02-24-ep-5458-the-dangerous-reaction.md	2026-07-11T23:40:43Z
8fcQ4ObATRc	done	src/content/sources/2018-01-29-scott-horton-aug-14-2015-the-scott-horton-show.md	2026-07-11T23:40:54Z
x0fzn4Ur3ZU	done	src/content/sources/2024-09-18-opperman-report-john-kiriakou-reluctant-spy.md	2026-07-11T23:41:01Z
nlcNzPkfo6M	done	src/content/sources/2026-01-15-opperman-report-pt1-reluctant-spy-pt2-michael-bowe-probe-2-pa.md	2026-07-11T23:41:12Z
kYm__RK8-9g	done	src/content/sources/2021-11-27-disruption-network-lab-us-vs-reality-winner-q-a-w-reality-winner-kir.md	2026-07-12T00:11:13Z
2WA64yu3itQ	done	src/content/sources/2021-03-04-consortium-news-lies-spin-propaganda-manipulation-w-suelette.md	2026-07-12T00:11:16Z
tOxuJ8bpSv4	done	src/content/sources/2017-06-06-disruption-network-lab-locked-up-for-exposing-crimes-kiriakou-annie.md	2026-07-12T00:11:22Z
kEymiIyDJx0	done	src/content/sources/2023-02-02-consortium-news-matt-taibbi-chris-hedges-kiriakou-twitter-fil.md	2026-07-12T00:11:27Z
https://feed.podbean.com/capitalcoast/fe…	recovered	-	2026-07-12T00:34:32Z
https://feeds.fireside.fm/crossingfaiths…	recovered	-	2026-07-12T00:34:32Z
https://rss.libsyn.com/shows/32365/desti…	recovered	-	2026-07-12T00:34:32Z
https://www.spreaker.com/show/6855442/ep…	recovered	-	2026-07-12T00:34:32Z
https://feeds.acast.com/public/shows/63f…	recovered	-	2026-07-12T00:34:32Z
https://www.omnycontent.com/d/playlist/5…	recovered	-	2026-07-12T00:34:32Z
https://rss.libsyn.com/shows/143186/dest…	recovered	-	2026-07-12T00:34:32Z
https://feeds.captivate.fm/history-told-…	recovered	-	2026-07-12T00:34:32Z
https://media.rss.com/intelwithinpod/fee…	recovered	-	2026-07-12T00:34:32Z
https://itsrainmakingtime.ch/feed/podcas…	recovered	-	2026-07-12T00:34:32Z
https://www.spreaker.com/show/1423846/ep…	recovered	-	2026-07-12T00:34:32Z
https://feeds.acast.com/public/shows/68e…	recovered	-	2026-07-12T00:34:32Z
https://api.substack.com/feed/podcast/38…	recovered	-	2026-07-12T00:34:32Z
https://www.spreaker.com/show/5990774/ep…	recovered	-	2026-07-12T00:34:32Z
https://back.studeo.fm/podcasts/132/rss-…	recovered	-	2026-07-12T00:34:32Z
https://feeds.acast.com/public/shows/677…	recovered	-	2026-07-12T00:34:32Z
https://rss.amperwave.net/v2/feed/podcor…	recovered	-	2026-07-12T00:34:32Z
https://feed.podbean.com/mypriceismylife…	recovered	-	2026-07-12T00:34:32Z
https://www.omnycontent.com/d/playlist/e…	recovered	-	2026-07-12T00:34:32Z
https://www.spreaker.com/show/2914765/ep…	recovered	-	2026-07-12T00:34:32Z
https://www.spreaker.com/show/3510420/ep…	recovered	-	2026-07-12T00:34:32Z
https://www.spreaker.com/show/3478215/ep…	recovered	-	2026-07-12T00:34:32Z
https://feeds.soundcloud.com/users/sound…	recovered	-	2026-07-12T00:34:32Z
https://feeds.megaphone.fm/scotthortonsh…	recovered	-	2026-07-12T00:34:32Z
https://feeds.captivate.fm/sound-health-…	recovered	-	2026-07-12T00:34:32Z
https://www.omnycontent.com/d/playlist/2…	recovered	-	2026-07-12T00:34:32Z
https://feeds.captivate.fm/talk-with-his…	recovered	-	2026-07-12T00:34:32Z
https://rss.libsyn.com/shows/332183/dest…	recovered	-	2026-07-12T00:34:32Z
https://rss2.flightcast.com/xmsftuzjjykc…	recovered	-	2026-07-12T00:34:32Z
https://www.spreaker.com/show/6791777/ep…	recovered	-	2026-07-12T00:34:32Z
https://podcasts.files.bbci.co.uk/p004t1…	recovered	-	2026-07-12T00:34:32Z
https://feed.podbean.com/theincrediblejo…	recovered	-	2026-07-12T00:34:32Z
https://www.spreaker.com/show/4788100/ep…	recovered	-	2026-07-12T00:34:32Z
https://feeds.acast.com/public/shows/the…	recovered	-	2026-07-12T00:34:32Z
https://rss.art19.com/the-pete-santilli-…	recovered	-	2026-07-12T00:34:32Z
https://www.spreaker.com/show/4221519/ep…	recovered	-	2026-07-12T00:34:32Z
https://feeds.megaphone.fm/thispastweeke…	recovered	-	2026-07-12T00:34:32Z
https://rss.libsyn.com/shows/467049/dest…	recovered	-	2026-07-12T00:34:32Z
https://feeds.redcircle.com/4d07ef8e-d06…	recovered	-	2026-07-12T00:34:32Z
https://feeds.acast.com/public/shows/663…	recovered	-	2026-07-12T00:34:32Z
https://feed.podbean.com/michaelkjaco/fe…	recovered	-	2026-07-12T00:34:32Z
https://api.substack.com/feed/podcast/80…	recovered	-	2026-07-12T00:34:32Z
https://api.substack.com/feed/podcast/86…	recovered	-	2026-07-12T00:34:32Z
https://api.substack.com/feed/podcast/11…	recovered	-	2026-07-12T00:34:32Z
https://clearingthefogradioshow.libsyn.c…	recovered	-	2026-07-12T00:34:32Z
https://feeds.captivate.fm/fortressonahi…	recovered	-	2026-07-12T00:34:32Z
https://rss.art19.com/daniel-davis-deep-…	recovered	-	2026-07-12T00:34:32Z
https://www.spreaker.com/show/6648050/ep…	recovered	-	2026-07-12T00:34:32Z
https://sputnikglobe.com/export/itunes…	recovered	-	2026-07-12T00:34:32Z
https://feeds.blubrry.com/feeds/375208…	recovered	-	2026-07-12T00:34:32Z
https://feeds.soundcloud.com/users/sou…	recovered	-	2026-07-12T00:34:32Z
https://feeds.megaphone.fm/scotthorton…	recovered	-	2026-07-12T00:34:32Z
P7VpWZaer3I	done	src/content/sources/2021-11-27-live-on-the-fly-randy-credico-ellsberg-kiriakou-rowley-hail-to-the-whistleb.md	2026-07-12T01:09:30Z
FZO4p1ag9LQ	done	src/content/sources/2020-12-24-live-on-the-fly-randy-credico-kiriakou-rebecca-vincent-assange-countdown-to.md	2026-07-12T01:09:37Z
svND9fNBiAw	done	src/content/sources/2026-03-30-piers-morgan-uncensored-you-don-t-stand-up-to-evil-you-lose-iran.md	2026-07-12T01:09:49Z
g2htCOU-tTw	done	src/content/sources/2025-10-25-dialogue-works-putin-warns-staggering-response-to-nato-iran.md	2026-07-12T01:10:00Z
7SObrtWSxO4	done	src/content/sources/2023-04-26-katie-halper-kiriakou-gerald-horne-on-the-indictment-of-ru.md	2026-07-12T01:10:12Z
O_EGMUFABEg	done	src/content/sources/2022-05-05-panquake-lee-camp-cia-whistleblower-joins-lee-camp-to-talk-panq.md	2026-07-12T01:10:29Z
LThb4bBpGUw	done	src/content/sources/2023-02-08-fortress-on-a-hill-john-kiriakou-ep-133-probe-dup-vs-6kmi7tkpf7q.md	2026-07-12T01:10:46Z
5Wj4fhopkfc	done	src/content/sources/2022-07-24-scheerpost-scheer-intelligence-kiriakou-on-biden-s-grove.md	2026-07-12T01:11:03Z
jwO3anoP4ho	done	src/content/sources/2022-05-05-panquake-lee-camp-full-interview-kiriakou-sean-o-brien-talk-pan.md	2026-07-12T01:11:14Z
66Qg8cgApSE	done	src/content/sources/2022-04-24-graham-elwood-full-interview-kiriakou-sean-o-brien-panquake.md	2026-07-12T01:11:20Z
YEnVwfMlgWQ	done	src/content/sources/2025-06-05-unfiltered-with-s-a-m-who-really-controls-u-s-intelligence.md	2026-07-12T01:11:27Z
7Ewyza8fR3o	done	src/content/sources/2019-04-20-david-gornoski-on-torture-prison-ptsd.md	2026-07-12T01:11:41Z
_oVLXe7WG8Q	done	src/content/sources/2025-06-30-jamarl-thomas-how-mossad-cia-recruit-in-iran.md	2026-07-12T01:12:02Z
kFAHekt9_mg	done	src/content/sources/2021-01-22-caleb-maupin-divisions-in-the-us-deep-state-w-lee-stranaha.md	2026-07-12T01:13:05Z
mXpQfO_oTsQ	done	src/content/sources/2024-04-18-dr-david-oualaalou-iran-israel-possible-open-war.md	2026-07-12T01:14:13Z
z_xfYPpMpDA	done	src/content/sources/2021-09-24-garland-nixon-talk-about-the-michael-sussmann-case.md	2026-07-12T01:14:23Z
7tXTtCHZs0g	done	src/content/sources/2015-12-14-arn-menconi-my-interview-w-whistleblower-john-kiriakou.md	2026-07-12T01:14:41Z
S-gLB2NWAHg	done	src/content/sources/2019-02-09-slow-news-day-snd-30-w-john-kiriakou.md	2026-07-12T01:14:50Z
nwjOYQzyoXA	done	src/content/sources/2021-10-02-garland-nixon-talk-about-the-us-congress.md	2026-07-12T01:15:09Z
zWTHWRbcuyI	done	src/content/sources/2023-01-28-kevin-gosztola-every-official-everywhere-with-classified-doc.md	2026-07-12T01:15:21Z
OeU8ioca92M	done	src/content/sources/2020-01-03-kevin-gosztola-kevin-gosztola.md	2026-07-12T01:15:29Z
oyks6CQbs-8	done	src/content/sources/2017-09-23-worldbeyondwar-org-nowar2017-pt-4-sam-adams-associates-drake-mcg.md	2026-07-12T01:15:34Z
cuzCBOB3l2c	done	src/content/sources/2021-09-02-garland-nixon-after-afghanistan.md	2026-07-12T01:15:46Z
hohHB8bGCxM	done	src/content/sources/2025-08-30-jamarl-thomas-what-s-really-happening-in-israel-mossad.md	2026-07-12T01:15:52Z
chQTXijz4rc	done	src/content/sources/2022-04-22-graham-elwood-kiriakou-sean-o-brien-explain-panquake.md	2026-07-12T01:15:57Z
RCZWqXneXfY	done	src/content/sources/2019-10-03-rob-kall-bottom-up-show-discusses-ukraine-phone-call.md	2026-07-12T01:16:10Z
bb7H9yCfNfg	done	src/content/sources/2018-10-13-edward-rhymes-rhymes-reasons-2018-10-09.md	2026-07-12T01:16:24Z
OjWJyN0gmqo	done	src/content/sources/2025-06-03-daniel-davis-deep-dive-ukraine-drone-strike-on-russia.md	2026-07-12T01:16:32Z
hYVznzuvhgA	done	src/content/sources/2021-08-17-crossing-faiths-john-pinna-kiriakou-on-afghanistan.md	2026-07-12T01:16:43Z
azE9ZRPJdvk	done	src/content/sources/2023-04-25-real-news-reality-asserts-itself-real-news-reality-asserts-itself.md	2026-07-12T01:16:55Z
Kh0vejtIEhE	done	src/content/sources/2021-07-13-caleb-maupin-cuba-crisis-marxism-automation.md	2026-07-12T01:17:01Z
nSl53qIE81I	done	src/content/sources/2015-05-06-the-real-news-network-why-i-was-targeted-by-the-cia-rai-9-10.md	2026-07-12T01:17:07Z
yh7Ujo6BsEs	done	src/content/sources/2023-04-25-real-news-reality-asserts-itself-why-i-was-targeted-rai-pt-9-probe-dup.md	2026-07-12T01:17:13Z
DKbHPuKfF2k	done	src/content/sources/2021-03-13-caleb-maupin-sanctions-us-efforts-in-eurasia.md	2026-07-12T01:17:42Z
Es2hDUTNsfg	done	src/content/sources/2019-09-30-the-jimmy-dore-show-real-reason-trump-sent-troops-to-saudi-oil.md	2026-07-12T01:18:01Z
Sh5MxKJ1cWY	done	src/content/sources/2023-04-25-real-news-reality-asserts-itself-real-news-reality-asserts-itself-Sh5MxK.md	2026-07-12T01:18:17Z
_dIlf769DK0	done	src/content/sources/2023-10-24-projectcensored-it-s-not-about-justice.md	2026-07-12T01:18:26Z
j4cxV2fz6ks	done	src/content/sources/2021-09-01-garland-nixon-talk-afghanistan.md	2026-07-12T01:18:37Z
c5B-fzDvyO8	done	src/content/sources/2022-03-06-washington-report-on-mid-east-israel-s-negative-influence-on-us-security.md	2026-07-12T01:18:59Z
fOgFKuk-VyU	done	src/content/sources/2022-04-07-david-gornoski-explores-life-as-a-spy.md	2026-07-12T01:19:21Z
hSG800M8n9c	done	src/content/sources/2019-09-30-the-jimmy-dore-show-calls-out-trump-s-whistleblower.md	2026-07-12T01:19:36Z
CeOjkWALQBs	done	src/content/sources/2023-04-24-real-news-reality-asserts-itself-real-news-reality-asserts-itself.md	2026-07-12T01:19:46Z
pI2RLIEnw8g	done	src/content/sources/2023-01-16-the-canada-files-political-misfits-dc-witte-kiriakou-august.md	2026-07-12T01:19:57Z
Yum0-P_5_uA	done	src/content/sources/2022-07-03-panquake-lee-camp-public-delivery-meeting-17-feat-kiriakou-suzi.md	2026-07-12T01:20:08Z
47ucQ6ZdV0E	done	src/content/sources/2023-03-06-consortium-news-belmarsh-tribunal-sydney.md	2026-07-12T01:20:25Z
pdJl4buyoUA	done	src/content/sources/2015-05-07-the-real-news-network-iraq-war-a-war-crime-pushed-by-cheney.md	2026-07-12T01:20:38Z
T25WBmQsOho	done	src/content/sources/2023-04-24-real-news-reality-asserts-itself-i-believed-america-could-do-no-wrong-rai.md	2026-07-12T01:20:45Z
FgD6TEvkkYM	done	src/content/sources/2023-04-25-real-news-reality-asserts-itself-real-news-reality-asserts-itself-FgD6TE.md	2026-07-12T01:20:52Z
hbFXhHbMOHQ	done	src/content/sources/2019-09-06-graham-elwood-uncovered-us-torture-program.md	2026-07-12T01:21:04Z
WrFr4-_B1Lk	done	src/content/sources/2022-04-07-david-gornoski-explores-life-as-a-spy-probe-dup.md	2026-07-12T01:21:10Z
aw-LXWf9YCk	done	src/content/sources/2016-12-07-the-real-news-network-people-s-tribunal-on-the-iraq-war-day-one.md	2026-07-12T01:21:23Z
Dnc4DmtWkGw	done	src/content/sources/2025-12-12-dialogue-works-highlights-us-lacks-long-term-middle-east-strategy.md	2026-07-12T01:21:29Z
V2cJv7Ujeeg	done	src/content/sources/2025-02-22-katie-halper-rudy-giuliani-tried-to-shake-me-down-for-2m.md	2026-07-12T01:21:39Z
NxX6zTLpqQE	done	src/content/sources/2022-04-24-graham-elwood-explains-assange-censorship.md	2026-07-12T01:21:47Z
jTh_0DYD5TU	done	src/content/sources/2025-02-25-katie-halper-we-re-led-by-a-cabal-of-criminals.md	2026-07-12T01:21:59Z
L1DYA1XSB44	done	src/content/sources/2023-02-05-consortium-news-taibbi-kiriakou-hedges-twitter-files-short.md	2026-07-12T01:22:07Z
zABTCtNuOFc	done	src/content/sources/2020-07-31-kevin-gosztola-how-politicians-disqualify-whistleblowers.md	2026-07-12T01:22:15Z
9D0JzqaGNKs	done	src/content/sources/2019-05-13-jamarl-thomas-jamarl-thomas.md	2026-07-12T01:22:27Z
58ot2wKPwto	done	src/content/sources/2025-12-06-deprogram-ted-rall-deprogram-ted-rall.md	2026-07-12T01:22:34Z
csLkVGSYwYU	done	src/content/sources/2026-05-25-john-kiriakou-podcast-reveals-terrifying-cia-technology.md	2026-07-12T01:22:40Z
EYUmojqVGwI	done	src/content/sources/2026-02-19-the-deep-focus-show-trump-s-iran-gamble-w-george-galloway.md	2026-07-12T01:22:46Z
Tas6bgOQfD4	done	src/content/sources/2025-11-19-deprogram-ted-rall-israel-s-discreet-ethnic-cleansing-of-gaza.md	2026-07-12T01:22:53Z
URbHPOAfub0	done	src/content/sources/2026-05-24-john-kiriakou-podcast-terrifying-cia-technology-they-don-t-want-you.md	2026-07-12T01:23:09Z
ClPOKa97jQg	done	src/content/sources/2025-12-10-deprogram-ted-rall-trump-to-europe-drop-dead.md	2026-07-12T01:23:25Z
ICmAUQl5FXA	done	src/content/sources/2025-11-13-deprogram-ted-rall-trump-snubs-us-workers-at-mar-a-lago.md	2026-07-12T01:23:48Z
GI7gFn7KjzI	done	src/content/sources/2026-02-25-deprogram-ted-rall-deprogram-ted-rall.md	2026-07-12T01:24:04Z
guXefViRMCk	done	src/content/sources/2026-03-12-deprogram-ted-rall-a-super-dumb-mass-murder.md	2026-07-12T01:24:22Z
4uyLgnRHjk4	done	src/content/sources/2025-11-21-deprogram-ted-rall-deprogram-ted-rall.md	2026-07-12T01:24:45Z
lhtyX01IUaE	done	src/content/sources/2026-03-11-deprogram-ted-rall-deprogram-ted-rall.md	2026-07-12T01:25:10Z
6uJAMwNGkkQ	done	src/content/sources/2025-11-10-deprogram-ted-rall-deprogram-ted-rall.md	2026-07-12T01:25:28Z
xcrldA-Golc	done	src/content/sources/2025-11-20-deprogram-ted-rall-cia-cover-up-on-jfk-exposed.md	2026-07-12T01:25:46Z
y4aXSSD0_Zs	done	src/content/sources/2025-12-19-the-deep-focus-show-held-captive-100-days-by-the-taliban-w-safi-r.md	2026-07-12T01:26:04Z
GzSIp9kONVA	done	src/content/sources/2026-05-28-john-kiriakou-podcast-john-kiriakou-podcast.md	2026-07-12T01:26:20Z
iN56bHhDu5Q	done	src/content/sources/2026-02-13-the-deep-focus-show-is-u-s-global-dominance-eroding-w-alfred-mcco.md	2026-07-12T01:26:32Z
7h9bYpFCKnk	done	src/content/sources/2025-11-25-the-deep-focus-show-complicity-in-gaza-s-genocide-w-richard-falk.md	2026-07-12T01:26:47Z
gQKwm0KKqnM	done	src/content/sources/2026-05-24-john-kiriakou-podcast-the-most-secret-cia-unit-ever.md	2026-07-12T01:27:16Z
CPl_y9pkCA0	done	src/content/sources/2026-07-04-the-jk-report-roger-waters-on-palestine-human-rights.md	2026-07-12T01:27:40Z
KfS3KjUGE4I	done	src/content/sources/2025-07-26-the-deep-focus-show-russiagate-a-major-dividing-line-w-matt-taibb.md	2026-07-12T01:27:54Z
9BR1fFm9tWA	done	src/content/sources/2025-08-16-the-deep-focus-show-the-call-is-to-liberate-palestine-w-miko-pele.md	2026-07-12T01:28:02Z
NHevWAzEsic	done	src/content/sources/2025-11-14-the-deep-focus-show-taxpayers-against-genocide-w-seth-donnelly.md	2026-07-12T01:28:15Z
cXflhWX1LZw	done	src/content/sources/2026-05-22-john-kiriakou-podcast-john-kiriakou-podcast.md	2026-07-12T01:28:22Z
qeREwBGVig8	done	src/content/sources/2026-03-31-the-deep-focus-show-is-world-war-3-starting.md	2026-07-12T01:28:31Z
o8wzZ1X1Gy0	done	src/content/sources/2026-06-18-the-jk-report-what-most-people-are-missing.md	2026-07-12T01:28:38Z
pqUEWuXM2Y4	done	src/content/sources/2026-05-26-john-kiriakou-podcast-the-real-risk-of-israel-using-nukes.md	2026-07-12T01:28:50Z
lffVtXOhGXY	done	src/content/sources/2026-04-17-the-deep-focus-show-europe-is-running-out-of-fuel-w-richard-wolff.md	2026-07-12T01:29:04Z
G8eA70X9NOU	done	src/content/sources/2023-01-03-enema-of-the-state-kiriakou-reports-on-the-flawed-business-model.md	2026-07-12T01:29:20Z
My6xUH_kOwo	done	src/content/sources/2026-02-26-deprogram-ted-rall-sotu-a-complete-disaster.md	2026-07-12T01:29:32Z
Mt2KfZSiUmE	done	src/content/sources/2025-07-23-the-deep-focus-show-epstein-new-bombshell-developments.md	2026-07-12T01:29:46Z
ZwuKmPsXKPs	done	src/content/sources/2026-02-10-deprogram-ted-rall-greek-spies-epstein-aliens-cia.md	2026-07-12T01:29:51Z
pfFvuCYmaXs	done	src/content/sources/2026-02-11-deprogram-ted-rall-bad-bunny-epstein-files-and-more.md	2026-07-12T01:30:05Z
lQYGh8EnFag	done	src/content/sources/2026-06-26-the-kiriakou-report-why-cia-torture-was-illegal-and-ineffective.md	2026-07-12T01:30:19Z
UYXk2Ze7AIo	done	src/content/sources/2026-07-04-the-jk-report-the-jk-report.md	2026-07-12T01:30:55Z
rL2Gn9LbwCU	done	src/content/sources/2026-02-13-deprogram-ted-rall-pam-bondi-s-embarrassing-epstein-hearing.md	2026-07-12T01:31:04Z
c_0g3SxGsqQ	done	src/content/sources/2026-01-04-deprogram-ted-rall-on-cia-psychologists-torture-mamdani.md	2026-07-12T01:31:15Z
tN4O6xu4SQk	done	src/content/sources/2017-05-25-tulwave-unknown-unknown-re-upload-channel.md	2026-07-12T01:31:41Z
0r560eBIwWE	done	src/content/sources/2025-06-01-stephen-gardner-title-doesn-t-name-john-confirm-presence.md	2026-07-12T01:31:50Z
Pcfwx50zl40	done	src/content/sources/2026-01-22-insider-authorized-account-title-doesn-t-name-john-confirm-subject.md	2026-07-12T01:32:07Z
9HnVrPVVHAE	done	src/content/sources/2026-05-11-covert-operations-insight-channel-re-cuts-heavily-corpus-has-5-of-its-e.md	2026-07-12T01:32:26Z
RPRxuwCA46k	done	src/content/sources/2026-05-08-covert-operations-insight-covert-operations-insight.md	2026-07-12T01:32:41Z
bPtOc_AqogU	done	src/content/sources/2026-05-23-covert-operations-insight-dark-secrets-behind-the-torture-program.md	2026-07-12T01:32:54Z
BQ93Fy1jfbA	done	src/content/sources/2026-06-02-covert-strategies-revealed-corpus-has-osxgmj89fwq-from-this-show.md	2026-07-12T01:33:36Z
B70zQHKcSxE	done	src/content/sources/2025-04-16-the-dr-phil-podcast-likely-ingested-ev1ozulvly8.md	2026-07-12T01:33:48Z
HGqUuOqzvM4	done	src/content/sources/2025-05-01-the-dr-phil-podcast-likely-ingested-ayk16wj1wsu.md	2026-07-12T01:34:05Z
1K5-zKDaDV8	done	src/content/sources/2025-04-27-the-dr-phil-podcast-short-clip-of-the-full-dr-phil-ep.md	2026-07-12T01:34:14Z
n-6kQ-PmRgM	done	src/content/sources/2025-09-08-john-brown-full-2007-abc-interview-historic-his-seminal-abc-waterboarding-interv.md	2026-07-12T01:34:25Z
rtd4SW38irE	done	src/content/sources/2025-11-06-elizabeth-lane-tv-co-branded-personal-channel-confirm-real-inte.md	2026-07-12T01:34:49Z
adp-UPxtBMs	done	src/content/sources/2024-05-25-leonardo-salvaggio-personal-channel-saudi-9-11-probe.md	2026-07-12T01:35:21Z
grlBxKDqYrQ	done	src/content/sources/2026-01-15-opperman-report-reluctant-spy-era-radio-probe.md	2026-07-12T01:35:31Z
U8tUetLWC54	done	src/content/sources/2015-01-09-terrorpedia-video-center-aggregator-channel-likely-re-upload.md	2026-07-12T01:35:40Z
CxG3Nosbl1s	done	src/content/sources/2026-01-22-the-honest-talk-credits-steven-bartlett-likely-mislabeled-re.md	2026-07-12T01:35:46Z
CAmAja1Rly0	done	src/content/sources/2026-06-01-giorgos-omirou-clickbait-title-personal-channel-probe.md	2026-07-12T01:35:52Z
yL8rVbWniW4	done	src/content/sources/2017-03-07-flyingovertr0ut-re-upload-pt-1.md	2026-07-12T01:36:04Z
s5qHlmDHnDE	done	src/content/sources/2025-08-28-yusefs-report-clip-scott-horton-x-kiriakou-destroy-dershowi.md	2026-07-12T01:36:14Z
Qpd5EXPydaA	done	src/content/sources/2026-04-23-golden-gems-clip-channel.md	2026-07-12T01:36:22Z
oTEqohDrY7M	done	src/content/sources/2026-01-02-veil-veil-veil-3-re-upload-clip-channel.md	2026-07-12T01:36:42Z
tzTHekWvcic	done	src/content/sources/2023-03-28-art-and-documentary-art-and-documentary.md	2026-07-12T01:36:50Z
bqWcgBb6GDM	done	src/content/sources/2020-02-25-cafe-weltschmerz-dutch-dutch-language-framing-confirm-john-speaks-no.md	2026-07-12T01:37:02Z
fi_wjzmlEWs	done	src/content/sources/2018-08-07-unity4j-full-interview-probably-solo-confirm.md	2026-07-12T01:37:12Z
Y_C92BT8Fzk	done	src/content/sources/2019-04-07-unity4j-vigil-confirm-not-panel.md	2026-07-12T01:37:26Z
R2FzEJrsqRQ	done	src/content/sources/2019-02-18-unity4j-vigil-17-confirm-not-panel.md	2026-07-12T01:37:34Z
lN8djjLHK4k	done	src/content/sources/2018-06-08-suzi-3d-unity4j-full-interview.md	2026-07-12T01:37:46Z
mkdGNyIicEU	done	src/content/sources/2018-06-04-suzi-3d-unity4j-vigil.md	2026-07-12T01:37:58Z
I6dljiI06es	done	src/content/sources/2017-08-21-internet-party-internet-party.md	2026-07-12T01:38:22Z
dAlNZvr4ims	done	src/content/sources/2017-08-20-internet-party-internet-party.md	2026-07-12T01:38:44Z
_j2hACrlzVA	done	src/content/sources/2026-04-09-finding-truth-with-harjeet-finding-truth-with-harjeet.md	2026-07-12T01:40:41Z
ZyCLngdLCYo	done	src/content/sources/2022-04-11-katie-halper-katie-halper.md	2026-07-12T01:41:14Z
aZxNTiekLGU	done	src/content/sources/2025-11-16-consortium-news-consortium-news.md	2026-07-12T01:41:34Z
TqRitpA92Ws	done	src/content/sources/2022-09-20-the-roundtable-gonzalo-l-the-roundtable-21-suzie-dawson-john-kiriakou.md	2026-07-12T01:41:50Z
IYF3-fJ8QEY	done	src/content/sources/2022-09-20-the-dive-in-with-rattan-the-dive-in-with-rattan.md	2026-07-12T01:42:11Z
9mIoBeXrB_0	done	src/content/sources/2020-05-20-action-4-assange-action-4-assange.md	2026-07-12T01:42:19Z
GygbALerANE	done	src/content/sources/2019-03-04-a-good-place-with-ella-a-a-good-place-with-ella-a.md	2026-07-12T01:42:32Z
nrGSOXvNrdw	done	src/content/sources/2022-12-27-the-roundtable-gonzalo-l-the-roundtable-gonzalo-l.md	2026-07-12T01:42:39Z
VEeFY6ACD5Y	done	src/content/sources/2018-01-30-ian-discussions-ian-s-discussions-with-john-kiriakou.md	2026-07-12T01:42:49Z
tUxyyvi_ORE	done	src/content/sources/2026-07-08-covert-strategies-revealed-covert-strategies-revealed.md	2026-07-12T01:43:00Z
XYd28m0_Zfo	done	src/content/sources/2021-11-05-live-on-the-fly-with-randy-live-on-the-fly-with-randy.md	2026-07-12T01:43:12Z
MhIgw7ac80I	done	src/content/sources/2026-05-26-covert-strategies-revealed-covert-strategies-revealed.md	2026-07-12T01:43:18Z
YixkmCXIDpU	done	src/content/sources/2025-11-19-dmz-america-podcast-dmz-america-podcast.md	2026-07-12T01:43:28Z
qwEqr257Xgc	done	src/content/sources/2026-03-21-echo-zip-john-kiriakou-s-entire-life-in-67-minutes.md	2026-07-12T01:43:37Z
2xUklyNdFdA	done	src/content/sources/2017-02-13-around-the-empire-around-the-empire.md	2026-07-12T01:43:50Z
il_KYmRx24Q	done	src/content/sources/2026-05-09-the-never-broken-podcast-the-never-broken-podcast.md	2026-07-12T01:43:58Z
WWsbNCBI434	done	src/content/sources/2023-02-18-savage-joy-marie-mann-savage-joy-and-john-kiriakou.md	2026-07-12T01:44:19Z
p8QQGwrN5Ag	done	src/content/sources/2020-04-20-freedom-hub-working-group-freedom-hub-working-group.md	2026-07-12T01:44:31Z
nso3y9TFr9s	done	src/content/sources/2021-03-27-revolutionary-change-revolutionary-change.md	2026-07-12T01:44:39Z
S9gGJeXpPBo	done	src/content/sources/2026-06-17-adoteq-john-kiriakou-cia-secrets-soft-power-and-the.md	2026-07-12T01:44:49Z
tZ433hZpjOA	done	src/content/sources/2024-04-12-american-exception-the-oily-war-of-drugs-john-kiriakou-dcc29.md	2026-07-12T01:44:58Z
b7OPeJrTqPA	done	src/content/sources/2025-03-15-jack-hopkins-jack-hopkins.md	2026-07-12T01:45:09Z
QRvbkLfSFgw	done	src/content/sources/2018-07-19-unity4j-unity4j.md	2026-07-12T01:45:24Z
ulc3YGqjKvk	done	src/content/sources/2026-02-27-one-america-news-network-one-america-news-network.md	2026-07-12T01:45:33Z
tE62XpsFX00	done	src/content/sources/2019-04-25-david-hartful-john-kiriakou-speaks-at-venezuelan-embassy-04.md	2026-07-12T01:45:47Z
NOqRvWc5_AA	done	src/content/sources/2015-08-18-politics-done-right-politics-done-right.md	2026-07-12T01:46:00Z
PCAYwyiEbY8	done	src/content/sources/2016-04-25-fort-collins-community-act-john-kiriakou-cia-whistle-blower-part-1.md	2026-07-12T01:46:23Z
KIU21Gq6xUw	done	src/content/sources/2017-08-29-kgnu-community-radio-kgnu-community-radio.md	2026-07-12T01:46:31Z
wSDydqdERPQ	done	src/content/sources/2026-05-07-unfiltered-with-s-a-m-unfiltered-with-s-a-m.md	2026-07-12T01:46:44Z
dOzonepgGBk	done	src/content/sources/2025-10-27-consortium-news-duggan-extradition-john-kiriakou-senator-davi.md	2026-07-12T01:46:55Z
okR1rm1B_qY	done	src/content/sources/2015-05-09-awakeradio1-awakeradio1.md	2026-07-12T01:47:03Z
tfezVxYzOGE	done	src/content/sources/2021-10-13-sharon-kyle-la-progressive-interview-with-john-kiriakou.md	2026-07-12T01:47:11Z
aMBuTzzYChY	done	src/content/sources/2023-10-08-scheerpost-scheerpost.md	2026-07-12T01:47:19Z
E6hUaGpckB0	done	src/content/sources/2025-03-26-truthovercomfort-truthovercomfort.md	2026-07-12T01:47:28Z
d9P8F7quHFI	done	src/content/sources/2025-11-03-hispaunidad-hispaunidad.md	2026-07-12T01:47:39Z
iJf88y5NwJw	done	src/content/sources/2013-02-07-government-accountability-full-video-kiriakou-portrait-unveiling-busboy.md	2026-07-12T01:47:47Z
06-usYETsbo	done	src/content/sources/2022-09-13-hr-news-channel-hr-news-channel.md	2026-07-12T01:47:55Z
0wyH1-MSOaw	done	src/content/sources/2022-04-01-addy-adds-official-publi-addy-adds-official-publi.md	2026-07-12T01:48:00Z
hCaPEPF_Cmc	done	src/content/sources/2019-07-22-free-martyg-john-kiriakou-dana-gottesfeld-conversation.md	2026-07-12T01:48:12Z
hxXDuXs434o	done	src/content/sources/2024-06-13-hr-news-channel-hr-news-channel.md	2026-07-12T01:48:18Z
zFxVeUe2CVo	done	src/content/sources/2017-03-04-allen-richie-allen-richie.md	2026-07-12T01:48:24Z
QgJLnojqKY8	done	src/content/sources/2019-05-01-potkaars-podcast-potkaars-podcast.md	2026-07-12T01:48:35Z
AkSQ1O2wFsM	done	src/content/sources/2018-10-22-unity4j-john-kiriakou-and-lee-stranahan-discuss.md	2026-07-12T01:48:47Z
nOKdI6LE7Hg	done	src/content/sources/2025-02-07-american-exception-exceptional-american-failures-john-kiriakou-d.md	2026-07-12T01:49:01Z
LU-tNToDV-Y	done	src/content/sources/2019-08-24-suzi-3d-suzi-3d.md	2026-07-12T01:49:10Z
t87STIG3TpY	done	src/content/sources/2017-09-05-stack-the-legal-odds-in-yo-the-legal-power-hour-with-guest-john-kiriakou.md	2026-07-12T01:49:16Z
178ec0ZUJPQ	done	src/content/sources/2025-12-22-piers-morgan-uncensored-piers-morgan-uncensored.md	2026-07-12T01:50:04Z
MT8DwRsee84	done	src/content/sources/2023-01-20-scheerpost-scheerpost.md	2026-07-12T01:51:01Z
IoD9wBwNH8I	done	src/content/sources/2021-10-12-foreign-correspondents-de-episode-25-mr-mrs-smith-1941-feat-olympia-kir.md	2026-07-12T01:53:31Z
TtFXCGDZKjw	done	src/content/sources/2015-12-16-human-rights-defense-cente-human-rights-defense-cente.md	2026-07-12T01:53:45Z
J-YSYuGX7IE	done	src/content/sources/2018-06-05-stack-the-legal-odds-in-yo-the-legal-power-hour-with-second-time-guest-j.md	2026-07-12T01:53:56Z
uz06eViSJdo	done	src/content/sources/2025-10-30-full-audiobook-full-audiobook.md	2026-07-12T01:54:24Z
q1Pt_pZgzqw	done	src/content/sources/2019-06-27-the-bitter-truth-with-abe-the-bitter-truth-with-abe.md	2026-07-12T01:54:33Z
tA8xlyWh2uM	done	src/content/sources/2026-06-26-kiriakou-insights-kiriakou-insights.md	2026-07-12T01:54:58Z
iLYqlR0kP9w	done	src/content/sources/2015-05-07-the-real-news-network-the-real-news-network.md	2026-07-12T01:55:08Z
KqU-Yr0OsMc	done	src/content/sources/2019-03-07-orca-media-house-at-pooh-corner-imprisoning-the-heroes-j.md	2026-07-12T01:55:15Z
hdfJ51hKM9E	done	src/content/sources/2026-02-09-judge-napolitano-judging-john-kiriakou-how-rogue-is-us-intelligence.md	2026-07-12T01:55:25Z
5ETk7Q-8Ez4	done	src/content/sources/2021-02-01-the-bitter-truth-with-abe-the-bitter-truth-with-abe.md	2026-07-12T01:55:39Z
-nKDvf6ixOM	done	src/content/sources/2026-05-14-liberty-vault-liberty-vault.md	2026-07-12T01:55:45Z
Bpegzp09Vpo	done	src/content/sources/2026-01-10-black-archives-black-archives.md	2026-07-12T01:55:51Z
fy86vzToyDI	rejected	reaction-breakdown-of-2026-04-27-tucker-carlson	2026-08-08T08:05:00Z
LZIMbHr2GNk	done	src/content/sources/2018-12-16-unity4j-unity4j.md	2026-07-12T01:56:43Z
d1mAmKfGNVU	done	src/content/sources/2026-05-10-liberty-vault-liberty-vault.md	2026-07-12T01:56:49Z
E82OrQF9nkY	done	src/content/sources/2015-05-04-the-real-news-network-the-real-news-network.md	2026-07-12T01:56:58Z
9R5FpNBJ8GQ	done	src/content/sources/2023-01-26-enema-of-the-state-enema-of-the-state.md	2026-07-12T01:57:10Z
H-UjcZkxcU4	done	src/content/sources/2022-11-07-indie-news-network-inn-indie-news-network-inn.md	2026-07-12T01:57:21Z
pFotqzActGI	done	src/content/sources/2019-08-08-david-gornoski-archives-david-gornoski-archives.md	2026-07-12T01:58:59Z
M4Eav5a1SNE	done	src/content/sources/2025-10-17-liberty-vault-liberty-vault.md	2026-07-12T01:59:32Z
qgGxUpHktUU	done	src/content/sources/2023-03-05-enema-of-the-state-enema-of-the-state.md	2026-07-12T01:59:49Z
78XbkZtyR2U	done	src/content/sources/2017-08-26-internet-party-internet-party.md	2026-07-12T01:59:55Z
Mabclbi5Dp4	done	src/content/sources/2015-04-17-the-real-news-network-the-real-news-network.md	2026-07-12T02:00:11Z
74IHPW5CWRk	done	src/content/sources/2025-09-25-the-jimmy-dore-show-the-jimmy-dore-show.md	2026-07-12T02:00:31Z
9SKfZ5f_29Y	done	src/content/sources/2016-02-23-awakeradio1-awakeradio1.md	2026-07-12T02:00:50Z
1pxXzKfr28g	done	src/content/sources/2025-07-15-useful-idiots-useful-idiots.md	2026-07-12T02:01:02Z
cdCAKYYH3Yo	done	src/content/sources/2015-04-24-the-real-news-network-the-real-news-network.md	2026-07-12T02:01:15Z
R_oIObeqj6U	done	src/content/sources/2018-06-26-rdap-dan-rdap-dan.md	2026-07-12T02:01:46Z
0oscOuMADGI	done	src/content/sources/2016-09-29-kevin-gosztola-kevin-gosztola.md	2026-07-12T02:02:23Z
Xzt8oI5gyDM	done	src/content/sources/2019-06-18-unity4j-unity4j.md	2026-07-12T02:02:35Z
bQCGkMcYbtI	done	src/content/sources/2026-05-28-liberty-vault-liberty-vault.md	2026-07-12T02:03:14Z
WUh6o8pBCPg	done	src/content/sources/2025-10-19-liberty-vault-liberty-vault.md	2026-07-12T02:03:22Z
a2NYakihrDg	rejected	src/content/sources/2026-04-10-revolutionary-change-revolutionary-change.md	2026-07-12T02:03:28Z
i_Jx9h97-ig	done	src/content/sources/2019-09-05-graham-elwood-graham-elwood.md	2026-07-12T02:03:40Z
sOKugb7jZl0	done	src/content/sources/2020-11-24-revolutionary-change-revolutionary-change.md	2026-07-12T02:03:47Z
bsnqAS12bO4	done	src/content/sources/2026-01-27-the-honest-talk-the-honest-talk.md	2026-07-12T02:04:07Z
mMAoad0hQUw	done	src/content/sources/2018-08-07-the-jimmy-dore-show-the-jimmy-dore-show.md	2026-07-12T02:04:24Z
ZKTfNz1JIoE	done	src/content/sources/2015-04-23-the-real-news-network-the-iraqi-pissing-match-john-kiriakou-on-rai.md	2026-07-12T02:04:36Z
xrjng6Ccz6k	done	src/content/sources/2026-01-23-the-honest-talk-the-honest-talk.md	2026-07-12T02:04:52Z
VsZukq8WxYQ	rejected	src/content/sources/2026-03-12-nietzsche-john-kiriakou-sentenced-to-prison.md	2026-07-12T02:05:05Z
iCUpSKD4T4o	done	src/content/sources/2025-12-23-tcm-tv-tcm-tv.md	2026-07-12T02:05:14Z
wlJO1uL1CsE	done	src/content/sources/2015-04-16-the-real-news-network-the-real-news-network.md	2026-07-12T02:05:20Z
8pKNKfCgRHo	done	src/content/sources/2025-06-11-redacted-redacted.md	2026-07-12T02:05:41Z
kjO7saoQjNk	done	src/content/sources/2015-05-08-the-real-news-network-they-won-t-shut-me-up-john-kiriakou-on-rai-10.md	2026-07-12T02:05:53Z
lmh18pD_RKM	done	src/content/sources/2025-12-15-jackson-hinkle-official-an-ex-cia-john-kiriakou-venezuela-war-is-about-c.md	2026-07-12T02:06:07Z
y88pl9VpEOw	done	src/content/sources/2026-01-25-liberty-vault-liberty-vault.md	2026-07-12T02:06:23Z
W6OZ4ClS_uQ	done	src/content/sources/2019-08-08-david-gornoski-archives-david-gornoski-archives-W6OZ4C.md	2026-07-12T02:06:39Z
Yn_cApN--DY	done	src/content/sources/2025-09-09-dalton-fischer-podcast-dalton-fischer-podcast.md	2026-07-12T02:06:51Z
Ohu27f0YSgc	done	src/content/sources/2026-01-21-liberty-vault-john-kiriakou-is-certain-that-epstein-was-wor.md	2026-07-12T02:06:59Z
xt54krA-ApU	done	src/content/sources/2025-09-03-dalton-fischer-podcast-dalton-fischer-podcast.md	2026-07-12T02:07:10Z
krYI54XbO6I	done	src/content/sources/2026-06-05-dollar-stream-dollar-stream.md	2026-07-12T02:07:22Z
epa3Xu10wDI	done	src/content/sources/2017-03-09-berlin-gegen-krieg-berlin-gegen-krieg.md	2026-07-12T02:07:31Z
GzJvcgAOf_c	done	src/content/sources/2026-07-04-the-third-way-orthodox-t-john-kiriakou-prison-islam-and-serving-in-bah.md	2026-07-12T02:07:40Z
QSHXNtBrjC0	done	src/content/sources/2025-10-24-the-jimmy-dore-show-the-jimmy-dore-show.md	2026-07-12T02:08:04Z
-USZZB6q--0	done	src/content/sources/2025-10-25-ani-news-ani-news.md	2026-07-12T02:08:16Z
sgtnG9v_5bU	done	src/content/sources/2026-06-26-the-third-way-orthodox-t-the-third-way-orthodox-t.md	2026-07-12T02:08:22Z
2bFaSv86j4M	done	src/content/sources/2016-04-26-adelya-f-hako-beyond-the-horizon-s1-e9-john-kiriakou.md	2026-07-12T02:08:34Z
fqwItTzkhS8	done	src/content/sources/2022-09-09-dece-media-dece-media.md	2026-07-12T02:08:57Z
blxCVqUtj6E	done	src/content/sources/2017-06-30-ryot-lies-and-torture-of-the-cia-with-john-kiriako.md	2026-07-12T02:09:19Z
NWlx41Hqf5A	done	src/content/sources/2015-04-23-the-real-news-network-the-real-news-network.md	2026-07-12T02:09:35Z
43eOaqG7SFM	done	src/content/sources/2025-09-02-dalton-fischer-podcast-dalton-fischer-podcast.md	2026-07-12T02:09:59Z
wccHWJxfcXk	done	src/content/sources/2026-02-18-viral-plug-john-kiriakou-cia-story-meme-compilation-part.md	2026-07-12T02:10:16Z
9b6OyFgK-Hg	done	src/content/sources/2025-10-24-podcast-ufo-live-shows-podcast-ufo-live-shows.md	2026-07-12T02:10:23Z
3FQPANN0LUo	done	src/content/sources/2013-02-13-jayargonaut-rt-interview-with-cia-whistleblower-john-kiri.md	2026-07-12T02:10:30Z
BZwmVBLm2mo	done	src/content/sources/2024-01-07-dalton-fischer-podcast-cia-training-exercises-for-new-recruits-john.md	2026-07-12T02:10:51Z
GRrm29eEzQ0	done	src/content/sources/2025-09-05-dalton-fischer-podcast-dalton-fischer-podcast.md	2026-07-12T02:11:07Z
e4YyBCvBaj4	done	src/content/sources/2026-04-23-valuetainment-valuetainment.md	2026-07-12T02:11:22Z
qUl2cHLx9Ug	done	src/content/sources/2013-02-15-michael-h-rhee-cia-whistleblower-john-kiriakou-if-i-tortured.md	2026-07-12T02:11:38Z
X4OydjOsLiQ	done	src/content/sources/2025-02-21-revolutionary-change-revolutionary-change.md	2026-07-12T02:11:47Z
dO5QB3MDotg	done	src/content/sources/2015-02-10-alittlepart-ofme-callmeco-alittlepart-ofme-callmeco.md	2026-07-12T02:11:56Z
2T5c5REOlyM	done	src/content/sources/2025-09-04-dalton-fischer-podcast-dalton-fischer-podcast.md	2026-07-12T02:12:07Z
yKvpvWexDzw	done	src/content/sources/2026-05-20-doug-bopst-doug-bopst.md	2026-07-12T02:12:20Z
-RYBNlTw_44	done	src/content/sources/2025-09-29-venture-social-venture-social.md	2026-07-12T02:12:28Z
eBMOS09-qx4	done	src/content/sources/2025-09-12-podcast-ufo-live-shows-podcast-ufo-live-shows.md	2026-07-12T02:12:37Z
K5a3xdjP8y0	done	src/content/sources/2025-09-06-dalton-fischer-podcast-dalton-fischer-podcast.md	2026-07-12T02:12:43Z
7ZXIh90oPCw	done	src/content/sources/2026-02-15-london-real-london-real.md	2026-07-12T02:12:55Z
IozNdHiBjJM	done	src/content/sources/2020-11-24-revolutionary-change-revolutionary-change-IozNdH.md	2026-07-12T02:13:04Z
p8Ar9pc_twk	done	src/content/sources/2026-04-03-unfiltered-with-s-a-m-kiriakou-washington-has-no-say-in-this-war.md	2026-07-12T02:13:21Z
xQvN03PMpYc	done	src/content/sources/2026-03-31-unfiltered-with-s-a-m-john-kiriakou-israel-s-samson-option-is-real.md	2026-07-12T02:13:33Z
uXbZWktLmN4	done	src/content/sources/2025-09-08-dalton-fischer-podcast-dalton-fischer-podcast.md	2026-07-12T02:13:41Z
D8iyS5huGMQ	done	src/content/sources/2026-05-06-doug-bopst-doug-bopst.md	2026-07-12T02:13:52Z
liZKNcfothc	done	src/content/sources/2025-11-25-hr-news-channel-hr-news-channel.md	2026-07-12T02:14:01Z
Gitzm_W-Uww	done	src/content/sources/2026-02-21-viral-plug-john-kiriakou-cia-story-meme-compilation-part.md	2026-07-12T02:14:10Z
llAX3SdqsL0	done	src/content/sources/2025-09-01-dalton-fischer-podcast-dalton-fischer-podcast.md	2026-07-12T02:14:19Z
Wp3CwqOz5ao	done	src/content/sources/2026-06-13-ddgeopolitics-ddgeopolitics.md	2026-07-12T02:14:29Z
oV7Q8HTsQSM	done	src/content/sources/2013-05-31-thom-hartmann-program-a-letter-from-john-kiriakou.md	2026-07-12T02:14:45Z
lBfXxjFH4lw	done	src/content/sources/2026-07-08-doug-bopst-doug-bopst.md	2026-07-12T02:14:56Z
sIpcxZJ1R4k	done	src/content/sources/2020-11-24-revolutionary-change-why-torture-is-both-immoral-and-ineffective-j.md	2026-07-12T02:15:08Z
ciSgcE0wogk	done	src/content/sources/2015-10-21-chris-petracco-interview-partial-with-former-cia-case-office.md	2026-07-12T02:15:17Z
VkXrcTg4xgA	done	src/content/sources/2026-03-01-viral-plug-john-kiriakou-cia-story-meme-compilation-8.md	2026-07-12T02:15:26Z
8dL7BXbrWZ0	rejected	src/content/sources/2026-03-17-breakpoint-breakpoint.md	2026-07-12T02:15:33Z
fZcvgrDcTdw	done	src/content/sources/2023-12-18-dalton-fischer-podcast-dalton-fischer-podcast.md	2026-07-12T02:15:40Z
iyeT6AAK4lA	done	src/content/sources/2021-03-26-revolutionary-change-revolutionary-change.md	2026-07-12T02:15:54Z
1oelJ0xN5AM	done	src/content/sources/2018-08-10-the-jimmy-dore-show-the-jimmy-dore-show.md	2026-07-12T02:16:05Z
QB6eyGtAD1c	done	src/content/sources/2025-04-27-the-dr-phil-podcast-i-exposed-the-cia-and-went-to-prison-john-kir.md	2026-07-12T02:16:14Z
UQoQ1BC7FFA	done	src/content/sources/2026-01-25-the-honest-talk-the-honest-talk.md	2026-07-12T02:16:22Z
ExPvVJQicuk	done	src/content/sources/2026-04-28-tucker-carlson-network-tucker-carlson-network.md	2026-07-12T02:16:31Z
xjH_6z96-Uo	done	src/content/sources/2026-02-27-viral-plug-john-kiriakou-cia-story-meme-compilation-7.md	2026-07-12T02:17:00Z
rjGkFSGrRO4	done	src/content/sources/2026-06-24-doug-bopst-doug-bopst.md	2026-07-12T02:17:10Z
ybQ-x4y8ZEo	done	src/content/sources/2026-01-13-tcm-originals-tcm-originals.md	2026-07-12T02:17:24Z
tSf7lSP5VjA	done	src/content/sources/2018-07-20-newsmax-newsmax.md	2026-07-12T02:17:36Z
kyFexPbZlzk	done	src/content/sources/2025-04-27-the-dr-phil-podcast-your-job-is-to-break-the-law-john-kiriakou-ci.md	2026-07-12T02:17:44Z
Dg-Jg2wGFnY	done	src/content/sources/2026-02-27-podcast-ufo-live-shows-podcast-ufo-live-shows.md	2026-07-12T02:17:51Z
n8iDa-IGDKk	done	src/content/sources/2026-04-28-warren-smith-secret-scho-warren-smith-secret-scho.md	2026-07-12T02:18:04Z
bpyMh1pFcAY	done	src/content/sources/2021-09-29-free-assange-free-assange.md	2026-07-12T02:18:12Z
RtLO5yZ6EhU	done	src/content/sources/2026-02-25-viral-plug-john-kiriakou-cia-story-meme-compilation-6.md	2026-07-12T02:18:18Z
u13Xn4k0u70	done	src/content/sources/2026-01-02-truth-hurts-show-truth-hurts-show.md	2026-07-12T02:18:26Z
aKzlrQ0oCWg	rejected	clip-of-2026-04-27-carlos-watson-92.8pct	2026-08-08T08:05:00Z
z0loNZnAqyk	rejected	clip-of-2026-04-27-carlos-watson-93.8pct	2026-08-08T08:05:00Z
ol3UPWnqNAA	rejected	clip-of-2026-04-27-carlos-watson-90.7pct	2026-08-08T08:05:00Z
E5PBQ90TY-4	done	src/content/sources/2026-06-03-doug-bopst-doug-bopst.md	2026-07-12T02:18:58Z
_AYU0D1JUig	done	src/content/sources/2025-12-02-rtm-news-rtm-news.md	2026-07-12T02:19:07Z
n2LOvRIy-CM	rejected	src/content/sources/2026-04-17-hang-out-with-sean-hannity-hang-out-with-sean-hannity.md	2026-07-12T02:19:16Z
XZy-TRd1yY0	done	src/content/sources/2023-11-16-dalton-fischer-podcast-dalton-fischer-podcast.md	2026-07-12T02:19:26Z
FlVsyxDlkc8	done	src/content/sources/2026-01-20-podcast-digest-podcast-digest.md	2026-07-12T02:19:34Z
hu8QgZGyOIQ	done	src/content/sources/2026-06-11-unfiltered-with-s-a-m-unfiltered-with-s-a-m.md	2026-07-12T02:19:46Z
j89s1BAvK0o	done	src/content/sources/2026-07-03-comedy-overload-comedy-overload.md	2026-07-12T02:19:55Z
vb8nK12TbnM	done	src/content/sources/2026-04-25-valuetainment-valuetainment.md	2026-07-12T02:20:05Z
yVFuxHFq16s	done	src/content/sources/2026-05-26-london-real-ukraine-war-the-endgame-revealed-john-kiriako.md	2026-07-12T02:20:14Z
FSF4K6A8VyM	done	src/content/sources/2015-12-03-human-rights-defense-cente-human-rights-defense-cente.md	2026-07-12T02:20:23Z
IqwXauqwSwQ	done	src/content/sources/2026-04-03-megyn-kelly-megyn-kelly.md	2026-07-12T02:20:32Z
8f1JiIPjwSw	done	src/content/sources/2025-06-05-podcast-summaries-john-kiriakou-tucker-carlson-podcast-summary.md	2026-07-12T02:20:41Z
v7c4xvvBYNw	done	src/content/sources/2025-11-12-the-america-report-john-kiriakou-explains-cia-s-torture-program.md	2026-07-12T02:20:48Z
Nfa4sEDOgmQ	done	src/content/sources/2026-01-19-podcast-summaries-podcast-summaries.md	2026-07-12T02:20:56Z
pPpNPJZiTMw	rejected	src/content/sources/2026-03-17-the-inquiry-the-inquiry.md	2026-07-12T02:21:07Z
yXDhk3eIZZA	done	src/content/sources/2018-11-19-styxhexenhammer666-styxhexenhammer666.md	2026-07-12T02:21:16Z
OVHqDdUefQ8	done	src/content/sources/2017-05-17-democracy-now-democracy-now.md	2026-07-12T02:21:25Z
ga_wjLljvaM	done	src/content/sources/2024-09-07-dalton-fischer-podcast-dalton-fischer-podcast.md	2026-07-12T02:21:50Z
88S43X0oUpE	done	src/content/sources/2023-05-30-global-times-global-times.md	2026-07-12T02:22:07Z
_cORp-6Cavs	done	src/content/sources/2026-06-20-the-third-way-orthodox-t-cia-whistleblower-exposes-the-vatican-john-ki.md	2026-07-12T02:22:15Z
CmggvGQJyJw	done	src/content/sources/2025-11-04-truth-hurts-show-truth-hurts-show.md	2026-07-12T02:22:25Z
ageQWTWtwmw	done	src/content/sources/2025-10-24-ani-news-ani-news.md	2026-07-12T02:22:35Z
aHJuNGwf1C0	rejected	src/content/sources/2026-03-16-breakpoint-breakpoint.md	2026-07-12T02:22:45Z
IosQZq652NE	done	src/content/sources/2018-05-28-breaking-news-24-7-breaking-news-24-7.md	2026-07-12T02:22:58Z
3wxqeMSCttY	done	src/content/sources/2021-10-07-covertaction-magazine-silenced-john-kiriakou.md	2026-07-12T02:23:11Z
IqGsmGY_hDY	done	src/content/sources/2026-03-03-austin-and-matt-ex-cia-john-kiriakou-how-access-agents-infilt.md	2026-07-12T02:23:23Z
CK1t_d0FWLg	done	src/content/sources/2025-08-06-deprogram-show-with-ted-ra-deprogram-show-with-ted-ra.md	2026-07-12T02:23:34Z
2SIQ_Dg4HOk	done	src/content/sources/2025-07-26-deprogram-show-with-ted-ra-deprogram-show-with-ted-ra.md	2026-07-12T02:24:14Z
nC0JNpqX_HY	done	src/content/sources/2026-03-27-the-deep-focus-show-the-deep-focus-show.md	2026-07-12T02:24:29Z
RypVxybJzHo	done	src/content/sources/2025-07-25-deprogram-show-with-ted-ra-deprogram-show-with-ted-ra.md	2026-07-12T02:24:38Z
WhCTh_N2ZfE	done	src/content/sources/2025-08-11-deprogram-show-with-ted-ra-deprogram-show-with-ted-ra.md	2026-07-12T02:24:47Z
Z_cYfNCsUl4	done	src/content/sources/2025-07-30-deprogram-show-with-ted-ra-deprogram-show-with-ted-ra.md	2026-07-12T02:25:00Z
lDOspNoh9IA	done	src/content/sources/2025-09-08-deprogram-show-with-ted-ra-deprogram-with-ted-rall-and-john-kiriakou-fra.md	2026-07-12T02:25:09Z
UE-XS8gvwiM	done	src/content/sources/2025-08-12-deprogram-show-with-ted-ra-deprogram-show-with-ted-ra.md	2026-07-12T02:25:20Z
JsS7xFWrR6o	done	src/content/sources/2025-07-29-deprogram-show-with-ted-ra-deprogram-show-with-ted-ra.md	2026-07-12T02:25:29Z
wvk1YaH7xW8	done	src/content/sources/2025-05-22-deprogram-show-with-ted-ra-deprogram-show-with-ted-ra.md	2026-07-12T02:25:39Z
LnuGCFlPKaI	done	src/content/sources/2025-08-06-deprogram-show-with-ted-ra-deprogram-show-with-ted-ra-LnuGCF.md	2026-07-12T02:25:48Z
YiPnxJE7vtk	done	src/content/sources/2025-08-15-deprogram-show-with-ted-ra-deprogram-show-with-ted-ra.md	2026-07-12T02:26:15Z
MnwI7RsEqlk	done	src/content/sources/2025-09-05-deprogram-show-with-ted-ra-deprogram-show-with-ted-ra.md	2026-07-12T02:26:24Z
u-8vskJZ_mE	done	src/content/sources/2025-08-09-deprogram-show-with-ted-ra-deprogram-show-with-ted-ra.md	2026-07-12T02:26:38Z
2IPfeItwnb4	done	src/content/sources/2025-09-04-deprogram-show-with-ted-ra-deprogram-show-with-ted-ra.md	2026-07-12T02:26:53Z
kVZsuWIrCsA	done	src/content/sources/2025-08-02-deprogram-show-with-ted-ra-deprogram-show-with-ted-ra.md	2026-07-12T02:27:03Z
ryefwYfcDVY	done	src/content/sources/2026-02-28-deprogram-show-with-ted-ra-deprogram-show-with-ted-ra.md	2026-07-12T02:27:19Z
Bg4Lkirhkp0	done	src/content/sources/2026-02-28-deprogram-show-with-ted-ra-deprogram-show-with-ted-ra-Bg4Lki.md	2026-07-12T02:27:40Z
86XYgK4nal0	done	src/content/sources/2025-08-28-deprogram-show-with-ted-ra-deprogram-show-with-ted-ra.md	2026-07-12T02:27:51Z
BZzv0jvOrIg	done	src/content/sources/2026-03-01-deprogram-show-with-ted-ra-deprogram-show-with-ted-ra.md	2026-07-12T02:28:05Z
Htr-FhIuCKo	done	src/content/sources/2025-08-14-deprogram-show-with-ted-ra-deprogram-show-with-ted-ra.md	2026-07-12T02:28:14Z
rUtq-Dx0LGo	done	src/content/sources/2025-08-21-deprogram-show-with-ted-ra-deprogram-show-with-ted-ra.md	2026-07-12T02:28:24Z
XJPxC4mXVkM	done	src/content/sources/2025-09-22-deprogram-show-with-ted-ra-deprogram-show-with-ted-ra.md	2026-07-12T02:28:33Z
dSPyBaQz8Yw	done	src/content/sources/2025-09-22-deprogram-show-with-ted-ra-deprogram-show-with-ted-ra-dSPyBa.md	2026-07-12T02:28:56Z
y1XO6M7lC2A	done	src/content/sources/2025-09-08-deprogram-show-with-ted-ra-deprogram-with-ted-rall-and-john-kiriakou-fra-y1XO6M.md	2026-07-12T02:29:17Z
_cAlUaDXSuI	done	src/content/sources/2025-09-11-deprogram-show-with-ted-ra-deprogram-show-with-ted-ra.md	2026-07-12T02:29:27Z
u_K7Ab0PsdM	done	src/content/sources/2025-09-06-deprogram-show-with-ted-ra-deprogram-show-with-ted-ra.md	2026-07-12T02:29:40Z
39xICxfs1Xg	done	src/content/sources/2025-07-28-deprogram-show-with-ted-ra-deprogram-show-with-ted-ra.md	2026-07-12T02:29:50Z
vwweQtSlWCs	done	src/content/sources/2025-08-18-deprogram-show-with-ted-ra-deprogram-show-with-ted-ra.md	2026-07-12T02:30:00Z
IGm-uWrcaRc	done	src/content/sources/2025-10-10-deprogram-show-with-ted-ra-deprogram-show-with-ted-ra.md	2026-07-12T02:30:16Z
VQUnDT0pLTk	done	src/content/sources/2025-08-29-deprogram-show-with-ted-ra-deprogram-show-with-ted-ra.md	2026-07-12T02:30:26Z
Jl-e9yAnTG0	done	src/content/sources/2025-10-10-deprogram-show-with-ted-ra-deprogram-show-with-ted-ra-Jl-e9y.md	2026-07-12T02:30:38Z
V7-d0Y6eESc	done	src/content/sources/2025-11-01-deprogram-show-with-ted-ra-deprogram-with-ted-rall-and-john-kiriakou-gaz.md	2026-07-12T02:30:52Z
_uVF7K2KuZw	done	src/content/sources/2025-10-31-deprogram-show-with-ted-ra-deprogram-with-ted-rall-and-john-kiriakou-gaz.md	2026-07-12T02:31:03Z
c0crs_0HgAU	done	src/content/sources/2026-01-23-deprogram-show-with-ted-ra-club-med-gaza-deprogram-with-ted-rall-and-joh.md	2026-07-12T02:31:17Z
75Fa5y2PaKY	done	src/content/sources/2026-03-03-deprogram-show-with-ted-ra-regime-derange-deprogram-with-ted-rall-and-jo.md	2026-07-12T02:31:27Z
145C1-XphQs	done	src/content/sources/2026-03-20-deprogram-show-with-ted-ra-deprogram-show-with-ted-ra.md	2026-07-12T02:31:38Z
0VbSt6pHILg	done	src/content/sources/2026-02-18-deprogram-show-with-ted-ra-jordan-is-next-deprogram-with-ted-rall-and-jo.md	2026-07-12T02:31:58Z
UaGsDFC7E3c	done	src/content/sources/2025-10-10-deprogram-show-with-ted-ra-deprogram-show-with-ted-ra-UaGsDF.md	2026-07-12T02:32:07Z
T-Sex3kPJUA	done	src/content/sources/2025-11-05-deprogram-show-with-ted-ra-deprogram-show-with-ted-ra.md	2026-07-12T02:32:22Z
0D-L8O6cuwI	done	src/content/sources/2026-01-23-deprogram-show-with-ted-ra-club-med-gaza-deprogram-with-ted-rall-and-joh-0D-L8O.md	2026-07-12T02:32:31Z
hw_Ta_maSFs	done	src/content/sources/2026-01-26-deprogram-show-with-ted-ra-deprogram-show-with-ted-ra.md	2026-07-12T02:32:46Z
wM_qsmuiY5I	done	src/content/sources/2026-03-09-deprogram-show-with-ted-ra-ecocide-in-iran-deprogram-with-ted-rall-and-j.md	2026-07-12T02:33:25Z
1mebPnYD1ko	done	src/content/sources/2025-11-05-deprogram-show-with-ted-ra-deprogram-show-with-ted-ra-1mebPn.md	2026-07-12T02:33:35Z
lSX5xFPy53c	done	src/content/sources/2026-03-04-deprogram-show-with-ted-ra-deprogram-show-with-ted-ra.md	2026-07-12T02:33:41Z
HNhvUJehZGo	done	src/content/sources/2025-10-22-deprogram-show-with-ted-ra-deprogram-show-with-ted-ra.md	2026-07-12T02:33:58Z
0JhzkWOsd1s	done	src/content/sources/2025-10-23-deprogram-show-with-ted-ra-deprogram-show-with-ted-ra.md	2026-07-12T02:34:09Z
cHidrQ_msEI	done	src/content/sources/2025-11-21-deprogram-show-with-ted-ra-deprogram-show-with-ted-ra.md	2026-07-12T02:34:22Z
KpCXJcpsYAg	done	src/content/sources/2025-11-20-deprogram-show-with-ted-ra-deprogram-show-with-ted-ra.md	2026-07-12T02:34:40Z
E9neBe4J3TE	done	src/content/sources/2025-10-09-deprogram-show-with-ted-ra-deprogram-show-with-ted-ra.md	2026-07-12T02:34:50Z
tZ1gVL3EvcU	done	src/content/sources/2025-10-30-deprogram-show-with-ted-ra-deprogram-with-ted-rall-and-john-kiriakou-ham.md	2026-07-12T02:35:00Z
rdzab0KqbA8	done	src/content/sources/2026-01-13-deprogram-show-with-ted-ra-the-fix-is-in-deprogram-with-ted-rall-and-joh.md	2026-07-12T02:35:20Z
lg1k-9p0zT8	done	src/content/sources/2026-01-13-deprogram-show-with-ted-ra-the-fix-is-in-deprogram-with-ted-rall-and-joh-lg1k-9.md	2026-07-12T02:35:32Z
MK5zeJV8aqc	done	src/content/sources/2025-11-18-deprogram-show-with-ted-ra-deprogram-show-with-ted-ra.md	2026-07-12T02:35:39Z
v9O8Ad-nL3Y	done	src/content/sources/2025-11-04-deprogram-show-with-ted-ra-deprogram-show-with-ted-ra.md	2026-07-12T02:35:46Z
KqfGXMDtams	done	src/content/sources/2025-11-19-deprogram-show-with-ted-ra-deprogram-show-with-ted-ra.md	2026-07-12T02:35:56Z
Cxd39y6-Aek	done	src/content/sources/2025-11-19-deprogram-show-with-ted-ra-deprogram-show-with-ted-ra-Cxd39y.md	2026-07-12T02:36:11Z
oE69sAdUisw	done	src/content/sources/2025-11-11-deprogram-show-with-ted-ra-deprogram-show-with-ted-ra.md	2026-07-12T02:36:24Z
wSE9wdb21sA	done	src/content/sources/2026-04-03-the-deep-focus-show-the-deep-focus-show.md	2026-07-12T02:36:36Z
ZhztQM2tuP8	done	src/content/sources/2026-03-06-the-deep-focus-show-the-deep-focus-show.md	2026-07-12T02:36:43Z
NTxzYHQiY5c	done	src/content/sources/2025-10-21-the-deep-focus-show-the-deep-focus-show.md	2026-07-12T02:36:56Z
oazTShMDcTo	done	src/content/sources/2025-10-31-the-deep-focus-show-the-deep-focus-show.md	2026-07-12T02:37:09Z
kM0GV63SYxE	done	src/content/sources/2025-12-27-the-deep-focus-show-the-deep-focus-show.md	2026-07-12T02:37:23Z
eW4mclDzLnk	done	src/content/sources/2026-05-29-john-kiriakou-podcast-john-kiriakou-podcast.md	2026-07-12T02:37:37Z
M0gBPp6agJI	done	src/content/sources/2025-10-07-the-deep-focus-show-the-deep-focus-show.md	2026-07-12T02:37:46Z
4M-DZrdQsAo	done	src/content/sources/2025-08-01-the-deep-focus-show-the-deep-focus-show.md	2026-07-12T02:37:57Z
ajooPBe19Fc	done	src/content/sources/2025-09-05-the-deep-focus-show-the-deep-focus-show.md	2026-07-12T02:38:18Z
0PpseUAcs-I	done	src/content/sources/2026-07-01-the-jk-report-the-jk-report.md	2026-07-12T02:38:49Z
a-zcLxpie88	done	src/content/sources/2026-05-30-john-kiriakou-podcast-john-kiriakou-podcast.md	2026-07-12T02:39:05Z
4OUCkluRD3g	done	src/content/sources/2025-09-18-the-deep-focus-show-the-deep-focus-show.md	2026-07-12T02:39:14Z
swDJSeo-Et0	done	src/content/sources/2026-03-01-deprogram-show-with-ted-ra-john-kiriakou-ted-rall-s-live-iran-war-q-a-de.md	2026-07-12T02:39:24Z
ECWpfM0cJDE	done	src/content/sources/2026-07-01-deep-focus-network-deep-focus-network.md	2026-07-12T02:39:31Z
xtXIFRvv_xY	done	src/content/sources/2025-09-12-the-deep-focus-show-the-deep-focus-show.md	2026-07-12T02:39:45Z
uRmZX8Psw8A	done	src/content/sources/2026-06-27-deep-focus-report-john-kiriakou-on-iran-endless-wars-and-u-s-fo.md	2026-07-12T02:40:02Z
jNGeaQ5ZA28	done	src/content/sources/2026-03-04-deprogram-show-with-ted-ra-ted-rall-john-kiriakou-iran-war-viewer-q-a-de.md	2026-07-12T02:40:17Z
aL2bZfMJnLE	done	src/content/sources/2026-03-11-deprogram-show-with-ted-ra-deprogram-show-with-ted-ra.md	2026-07-12T02:40:30Z
sdltAgkEcrM	done	src/content/sources/2026-02-25-deprogram-show-with-ted-ra-is-war-with-iran-imminent-ted-rall-john-kiria.md	2026-07-12T02:40:40Z
2WIKj6XP27w	done	src/content/sources/2025-12-17-deprogram-show-with-ted-ra-john-kiriakou-on-cia-coup-tactics-trump-s-wmd.md	2026-07-12T02:40:47Z
-dnBFBNex6Q	done	src/content/sources/2026-02-05-deprogram-show-with-ted-ra-deprogram-show-with-ted-ra.md	2026-07-12T02:41:00Z
kWTiAbJ2m2I	done	src/content/sources/2026-03-01-deprogram-show-with-ted-ra-ted-rall-john-kiriakou-react-as-iran-war-rage.md	2026-07-12T02:41:14Z
mxfzY6oMVig	done	src/content/sources/2026-03-31-deprogram-show-with-ted-ra-deprogram-show-with-ted-ra.md	2026-07-12T02:41:24Z
GncMkStHa9Y	done	src/content/sources/2026-01-06-deprogram-show-with-ted-ra-deprogram-show-with-ted-ra.md	2026-07-12T02:41:33Z
zroa2RWlUkA	done	src/content/sources/2025-07-08-the-deep-focus-show-the-deep-focus-show.md	2026-07-12T02:41:42Z
X7B-IQ4MXFM	done	src/content/sources/2025-06-15-the-deep-focus-show-israel-strikes-iran-john-kiriakou-s-insights.md	2026-07-12T02:42:01Z
JyxFQVWJ3Eo	done	src/content/sources/2026-04-06-due-dissidence-and-liberty-trump-s-unhinged-threat-kiriakou-spills-tea-o.md	2026-07-12T02:42:27Z
h9egQ2hYdjE	done	src/content/sources/2026-07-08-voxera-production-official-voxera-production-official.md	2026-07-12T02:42:46Z
2M8u-MbN9jA	done	src/content/sources/2025-03-01-truthwire-where-the-hell-is-panquake-surveillance-the-t.md	2026-07-12T02:43:14Z
ygEFDZAXzWM	done	src/content/sources/2026-03-19-dmz-america-podcast-scott-has-questions-for-john-kiriakou-dmz-ame.md	2026-07-12T02:43:30Z
SbOKQqFcexU	done	src/content/sources/2025-09-12-dialogue-works-john-kiriakou-israel-humiliates-itself-middle.md	2026-07-12T02:43:47Z
uhketm9NKeM	done	src/content/sources/2022-04-21-lee-camp-unredacted-toni-cia-whistleblower-john-kiriakou-joins-lee-cam.md	2026-07-12T02:43:58Z
gCNk9IqON4k	done	src/content/sources/2021-09-12-trt-world-years-after-9-11-inside-america-with-ghida-fa.md	2026-07-12T02:44:08Z
AqY21KZDOzg	done	src/content/sources/2026-02-18-elizabeth-lane-tv-and-john-skinwalker-ranch-ufos-usos-and-secret-project.md	2026-07-12T02:44:17Z
Rq_g3ox_VDU	done	src/content/sources/2020-05-20-slow-news-day-freeassangevigil-week-46-1-w-john-kiriakou-fi.md	2026-07-12T02:44:39Z
rWCw_et5fW0	done	src/content/sources/2026-03-24-the-deep-focus-show-will-israel-use-nukes-iran-threat-the-truth-a.md	2026-07-12T02:44:55Z
vhyQRc1vzkg	done	src/content/sources/2022-08-12-the-real-news-network-we-don-t-need-the-cia-the-chris-hedges-report.md	2026-07-12T02:45:09Z
y1iSbvokFA0	done	src/content/sources/2026-07-10-the-young-turks-former-cia-agent-explains-why-we-need-to-brea.md	2026-07-12T02:45:23Z
djGUiuyziYE	done	src/content/sources/2026-07-04-deep-focus-network-john-kiriakou-the-truth-about-america-s-priso.md	2026-07-12T02:45:36Z
7qT2zkChC3w	done	src/content/sources/2025-04-11-kim-iversen-banks-are-the-new-thought-police-this-changes.md	2026-07-12T02:45:46Z
2BBbL8AWrWc	done	src/content/sources/2025-06-08-american-exception-late-imperial-blues-john-kiriakou-dcc85.md	2026-07-12T02:46:00Z
Tk9q6OCiFXY	done	src/content/sources/2015-11-17-telesur-english-interviews-from-washington-dc-whistleblower-d.md	2026-07-12T02:46:10Z
26E0z7up8ZI	done	src/content/sources/2021-02-05-actvism-munich-bezahlung-f-r-begnadigungen-cia-whistleblower.md	2026-07-12T02:48:03Z
uTpvKzNoaa4	done	src/content/sources/2026-06-11-eb-flow-mehdi-hasan-presses-john-kiriakou-about-his-p.md	2026-07-12T02:48:08Z
7sKiso0Zyko	done	src/content/sources/2025-05-10-neutrality-studies-this-is-what-they-don-t-tell-you-about-iran-h.md	2026-07-12T02:48:16Z
uqN6mNL-dfI	done	src/content/sources/2015-09-23-mintpress-news-former-cia-agent-john-kiriakou-takes-us-insid.md	2026-07-12T02:48:21Z
AsQUErTJYOE	done	src/content/sources/2026-04-02-megyn-kelly-the-truth-about-mk-ultra-and-why-conspiracy-t.md	2026-07-12T02:48:27Z
m5jv4cA1oD0	done	src/content/sources/2025-02-06-redacted-the-cia-is-finished-as-we-know-it-trump-is-bu.md	2026-07-12T02:48:32Z
QOcImjrlc-E	done	src/content/sources/2025-06-03-daniel-davis-deep-dive-trump-s-bully-pulpit-not-working-lt-col-danie.md	2026-07-12T02:48:38Z
aulPxaV0M2g	rejected	src/content/sources/2026-04-06-due-dissidence-kiriakou-israelis-asked-every-president-to-at.md	2026-07-12T02:48:43Z
Wqv5Spq3KH8	done	src/content/sources/2017-08-17-the-real-news-network-cia-torture-architects-settle-with-victims-to.md	2026-07-12T02:48:49Z
I3TYrERiRMA	done	src/content/sources/2015-11-13-robin-hensel-john-kiriakou-tackling-torture-at-the-top-11.md	2026-07-12T02:49:03Z
B2pTbYqWYos	done	src/content/sources/2018-08-24-the-real-news-network-cia-whistleblower-john-brennan-is-out-for-him.md	2026-07-12T02:49:09Z
kcHBXm1aWIM	done	src/content/sources/2021-01-20-democracy-now-profiting-from-pardons-giuliani-aide-told-cia.md	2026-07-12T02:49:22Z
r2oKRg0cVw4	done	src/content/sources/2016-06-07-cgtn-america-the-heat-crackdown-on-whistleblowers-in-the-u.md	2026-07-12T02:49:34Z
VB81AhUzTo8	done	src/content/sources/2025-04-22-mintpress-news-john-kiriakou-exposing-cia-torture-u-s-war-cr.md	2026-07-12T02:49:44Z
62YZdb3Lj5o	done	src/content/sources/2026-02-02-lbc-cia-whistleblower-on-epstein-files-why-no-one.md	2026-07-12T02:49:50Z
YfzSoVAuSwY	done	src/content/sources/2017-09-15-the-real-news-network-cia-whistleblower-harvard-picks-torture-apolo.md	2026-07-12T02:49:55Z
0hBoeUZ_3dc	failed	-	2026-07-12T02:53:01Z
-ZzRSvKhSF4	done	src/content/sources/2021-01-20-democracy-now-cia-whistleblower-biden-intel-pick-avril-hain.md	2026-07-12T02:54:13Z
CcFmxrqBjb4	done	src/content/sources/2016-09-28-the-real-news-network-intelligence-agencies-are-gathering-informati.md	2026-07-12T02:54:29Z
OXDE74alvzA	done	src/content/sources/2012-01-25-the-young-turks-cia-agent-charged-with-espionage-act-by-justi.md	2026-07-12T02:54:47Z
qHH5-GSoRRY	done	src/content/sources/2019-11-15-fox-business-the-whistleblower-did-not-think-this-through.md	2026-07-12T02:55:03Z
5-xgSQyOlg0	done	src/content/sources/2014-04-24-democracy-now-silenced-film-explores-the-human-toll-of-obam.md	2026-07-12T02:55:18Z
FdnU_2u_FY4	done	src/content/sources/2013-01-24-channel-4-news-cia-whistleblower-faces-jail-term.md	2026-07-12T02:55:34Z
ZpDc1hscfeQ	done	src/content/sources/2018-03-14-democracy-now-she-tortured-just-for-the-sake-of-torture-cia.md	2026-07-12T02:55:55Z
egmGLaf76DM	done	src/content/sources/2026-05-14-fox-news-you-liar-former-cia-official-calls-fauci-s-pa.md	2026-07-12T02:56:06Z
kPCRVN3yjAA	done	src/content/sources/2025-07-09-middle-east-eye-jeffrey-epstein-was-accused-of-being-an-acces.md	2026-07-12T02:56:17Z
HVtBEQIzLxk	done	src/content/sources/2013-05-31-the-young-turks-cia-whistleblower-s-tips-on-how-not-to-get-ki.md	2026-07-12T02:56:27Z
SXfpRLeLH70	done	src/content/sources/2019-10-10-fox-news-cia-whistleblower-this-is-an-insult-to-real-w.md	2026-07-12T02:57:06Z
wcFcnNBYlSI	done	src/content/sources/2023-12-02-fox-news-cia-whistleblower-all-it-takes-is-a-signature.md	2026-07-12T02:57:17Z
ZAUTVOgCVzA	done	src/content/sources/2019-12-21-fox-news-former-cia-whistleblower-on-durham-probing-br.md	2026-07-12T02:57:29Z
MeMlE3ppJrs	done	src/content/sources/2018-05-11-democracy-now-if-gina-haspel-is-confirmed-at-cia-the-u-s-wo.md	2026-07-12T02:57:38Z
nxhsU5oCt4c	done	src/content/sources/2013-01-25-al-jazeera-english-ex-cia-agent-heads-to-prison-for-torture-leak.md	2026-07-12T02:57:46Z
e1VgVU63D6s	done	src/content/sources/2025-04-21-mintpress-news-former-cia-officer-john-kiriakou-reveals-why.md	2026-07-12T02:58:03Z
D3kxtqefUPg	done	src/content/sources/2025-02-06-covertaction-magazine-former-cia-counter-terrorism-specialist-john.md	2026-07-12T02:58:10Z
Ek6ot2JKi2g	done	src/content/sources/2025-02-05-covertaction-magazine-former-cia-counter-terrorism-specialist-john.md	2026-07-12T02:58:18Z
dyo7Al7LJHs	done	src/content/sources/2025-02-22-katie-halper-f-joe-biden-cia-whistleblower-john-kiriakou.md	2026-07-12T02:58:29Z
06ioehKOpRI	done	src/content/sources/2025-02-24-katie-halper-why-edward-snowden-is-not-a-traitor-w-cia-whi.md	2026-07-12T02:58:39Z
6DYjq-aDLKA	done	src/content/sources/2022-07-29-cgtn-america-assange-political-prisoner-or-criminal.md	2026-07-12T02:58:47Z
cMncTyJAdQg	done	src/content/sources/2013-01-26-jewishnewsone-former-cia-officer-sentenced-for-leaks.md	2026-07-12T02:58:57Z
DGsZLJx0mbY	done	src/content/sources/2015-07-30-ap-archive-us-government-leak-crackdown-snags-ex-cia-off.md	2026-07-12T02:59:06Z
s6dLqOPSwu0	rejected	src/content/sources/2026-04-16-fox-news-cia-whistleblower-on-his-life-of-espionage.md	2026-07-12T02:59:17Z
VtRxlxHNVlQ	done	src/content/sources/2025-02-05-covertaction-magazine-former-cia-counter-terrorism-specialist-john-VtRxlx.md	2026-07-12T02:59:29Z
wh8RwfFTIYQ	done	src/content/sources/2025-02-06-covertaction-magazine-former-cia-counter-terrorism-specialist-john-wh8Rwf.md	2026-07-12T02:59:37Z
fYN9zLBJXh8	done	src/content/sources/2025-02-06-covertaction-magazine-former-cia-counter-terrorism-specialist-john-fYN9zL.md	2026-07-12T02:59:51Z
GyK2WK7_A7o	done	src/content/sources/2025-02-06-covertaction-magazine-former-cia-counter-terrorism-specialist-john-GyK2WK.md	2026-07-12T03:00:17Z
oMbSh_YLZ80	done	src/content/sources/2025-02-03-covertaction-magazine-john-kiriakou-former-cia-counter-terrorism-sp.md	2026-07-12T03:00:27Z
bvGjGpacN2I	done	src/content/sources/2025-02-26-katie-halper-cia-whistleblower-john-kiriakou-predicts-jfk.md	2026-07-12T03:00:36Z
Bu8Hww81wTc	done	src/content/sources/2025-02-25-katie-halper-why-cia-whistleblower-john-kiriakou-almost-to.md	2026-07-12T03:00:41Z
0CKAts-yzTc	done	src/content/sources/2025-02-27-katie-halper-i-d-like-to-smack-mitch-mcconnell-s-turtle-fa.md	2026-07-12T03:00:55Z
dHIRaOP5SAw	done	src/content/sources/2025-07-09-piers-morgan-uncensored-former-cia-intelligence-john-kiriakou-on-epst.md	2026-07-12T03:01:09Z
l_Lj7bhzRIs	done	src/content/sources/2023-11-22-projectcensored-it-s-not-about-justice-john-kiriakou-on-his-e.md	2026-07-12T03:01:20Z
l4RclffUoYc	done	src/content/sources/2023-01-07-real-progressives-the-cia-serves-the-capital-order-w-john-kiria.md	2026-07-12T03:01:30Z
gpkfBmA2oH4	done	src/content/sources/2012-05-15-government-accountability-gap-s-jesselyn-radack-on-nsa-whistleblower-to.md	2026-07-12T03:01:42Z
elg4ufjFRSQ	done	src/content/sources/2021-09-17-katie-halper-cia-whistleblower-john-kiriakou-on-declassifi.md	2026-07-12T03:01:59Z
gYIewDz5Q-c	done	src/content/sources/2025-08-07-militaire-news-cia.md	2026-07-12T03:02:09Z
lS9LJ-nQRZY	done	src/content/sources/2026-03-20-the-jason-jones-show-john-kiriakou-on-god-courage-and-becoming-a-g.md	2026-07-12T03:02:21Z
m6YVXC1HGsw	done	src/content/sources/2021-11-21-dcm-tv-exclusivo-parceria-lava-jato-eua-foi-movida-p.md	2026-07-12T03:02:30Z
zoMmrLQx934	done	src/content/sources/2026-01-15-the-opperman-report-john-kiriakou-on-bob-costello-pardon-4-sale-h.md	2026-07-12T03:02:39Z
xeL0QGTHOho	done	src/content/sources/2022-05-23-danny-jones-ex-cia-spy-breaks-down-how-he-captured-abu-zu.md	2026-07-12T03:03:04Z
Y76fJsFNz3o	done	src/content/sources/2022-05-05-suzi-3d-cia-whistleblower-john-kiriakou-joins-lee-cam.md	2026-07-12T03:03:14Z
x6pirxcMhK8	done	src/content/sources/2025-12-17-pete-a-turner-john-kiriakou-us-espionage-and-foreign-policy.md	2026-07-12T03:05:01Z
ZMlLBUqjmTg	done	src/content/sources/2023-08-24-london-real-ukraine-war-mass-surveillance-trump-ufos-cia.md	2026-07-12T03:05:17Z
okH2cJr7qiA	done	src/content/sources/2022-05-05-suzi-3d-full-interview-john-kiriakou-sean-o-brien-tal.md	2026-07-12T03:05:27Z
-v55tpm11J8	done	src/content/sources/2025-06-22-ladbible-stories-the-cia-officer-who-exposed-america-s-torture.md	2026-07-12T03:05:46Z
WRJzaHMj2IY	done	src/content/sources/2026-05-19-gq-ex-cia-officer-john-kiriakou-breaks-down-spy.md	2026-07-12T03:06:05Z
ibhnui-G5T4	done	src/content/sources/2026-06-26-lawyers-committee-for-9-1-remarks-by-john-kiriakou-former-cia-officer.md	2026-07-12T03:06:15Z
9jbpBecvpQ0	done	src/content/sources/2025-12-15-afshin-rattansi-s-going-un-cia-whistleblower-john-kiriakou-reveals-all-o.md	2026-07-12T03:06:35Z
aYzvjRksz9Q	done	src/content/sources/2025-12-10-mario-nawfal-always-watch-the-naval-movements-ex-cia-offic.md	2026-07-12T03:06:47Z
3CSvSw_UWD8	done	src/content/sources/2017-05-11-aljazeera-arabic.md	2026-07-12T03:07:37Z
XXrxAMIULBo	done	src/content/sources/2024-12-17-insider-cia-officer-john-kiriakou-rates-9-counterterr.md	2026-07-12T03:07:46Z
7e8WruFn070	done	src/content/sources/2025-10-25-ani-news-ex-cia-agent-kiriakou-the-u-s-was-waiting-for.md	2026-07-12T03:08:05Z
r9-zsOJsCY0	done	src/content/sources/2025-05-15-zouglagr-cia.md	2026-07-12T03:11:12Z
huJZybGG98I	done	src/content/sources/2025-05-11-cia.md	2026-07-12T03:11:20Z
eQ8KyLSp9aI	done	src/content/sources/2025-05-15-cia-gr.md	2026-07-12T03:11:34Z
YsxanhM3CS4	done	src/content/sources/2023-04-29-katie-halper-formerly-incarcerated-cia-agent-john-kiriakou.md	2026-07-12T03:11:47Z
AFn6we3pR7U	done	src/content/sources/2026-02-08-arabi.md	2026-07-12T03:11:55Z
ztdzNcmU8FU	done	src/content/sources/2025-10-25-republic-world-us-runs-pak-s-nuclear-strength-ex-cia-john-ki.md	2026-07-12T03:12:10Z
Y-T1JZ3Tj7s	done	src/content/sources/2026-01-26-unfiltered-with-s-a-m-john-kiriakou-venezuela-wasn-t-about-oil-it-w.md	2026-07-12T03:12:30Z
kj_agEYf1yY	done	src/content/sources/2026-01-21-unfiltered-with-s-a-m-john-kiriakou-there-is-no-good-guy-in-u-s-pol.md	2026-07-12T03:12:40Z
8348t00ENDI	done	src/content/sources/2021-10-19-codepink-john-kiriakou-never-forget-9-11-and-the-20-ye.md	2026-07-12T03:12:49Z
uTIi8cou10U	done	src/content/sources/2025-11-21-toi-bharat-wiped-my-a-with-it-ex-cia-kiriakou-reveals-wh.md	2026-07-12T03:13:04Z
JJXG3YkVdGY	done	src/content/sources/2025-10-24-toi-bharat-pakistan-will-lose-any-conventional-war-again.md	2026-07-12T03:13:10Z
6GRPgGQX_5M	done	src/content/sources/2026-02-13-aljazeera-arabic.md	2026-07-12T03:13:18Z
WtmKVHRei9s	done	src/content/sources/2025-10-25-ani-news-ex-cia-agent-kiriakou-explains-why-pakistan-s.md	2026-07-12T03:13:28Z
QkcNo1XF92c	failed	-	2026-07-12T03:16:33Z
_H0D8LbhHWM	failed	-	2026-07-12T03:20:34Z
8CaxAqpMzhI	failed	-	2026-07-12T03:24:33Z
GDtYT5Bzux8	done	src/content/sources/2025-05-17-nationalpost-tv-cia.md	2026-07-12T03:25:49Z
oAgBgV-tS3M	done	src/content/sources/2024-11-23-pentapostagma-tv-cia.md	2026-07-12T03:26:02Z
LjBCKQYdB3U	done	src/content/sources/2024-01-22-alarabiya.md	2026-07-12T03:26:38Z
mUeTxPRrYXU	done	src/content/sources/2025-11-25-aljazeera-arabic.md	2026-07-12T03:27:01Z
S7Ep15MWzdg	done	src/content/sources/2015-03-02-voices-of-liberty-cia-torture-whistleblower-john-kiriakou-part.md	2026-07-12T03:27:19Z
RgZoLf-Dwpg	done	src/content/sources/2023-05-05-codepink-john-kiriakou-on-daniel-ellsberg-shorts.md	2026-07-12T03:27:29Z
olK01DwhCkc	done	src/content/sources/2015-03-02-voices-of-liberty-cia-torture-whistleblower-john-kiriakou-part-olK01D.md	2026-07-12T03:27:42Z
cfhsmSzQs-4	done	src/content/sources/2026-07-17-national-security-files-john-kiriakou-ex-cia-officer-warns-america-is.md	2026-07-30T04:23:10Z
FR49AAOlitk	done	src/content/sources/2026-07-27-national-security-files-john-kiriakou-middle-east-on-the-brink-of-a-m.md	2026-07-30T11:12:41Z
IyWHBlyZpxE	done	src/content/sources/2026-07-18-national-security-files-john-kiriakou-former-cia-officer-exposes-the.md	2026-07-30T11:12:50Z
-utK73sjrc4	done	src/content/sources/2026-07-30-john-kiriakou-is-it-over-for-netanyahu-poll-shows-most-amer.md	2026-08-04T02:59:10Z
-J7znGcmKMg	done	src/content/sources/2026-08-01-john-kiriakou-are-you-a-cia-plant-john-kiriakou-answers-mos.md	2026-08-04T02:59:20Z
tjcwiMRDy9k	done	src/content/sources/2025-03-12-john-kiriakou-the-gary-webb-story-cia-cocaine-and-a-media-a.md	2026-08-04T02:59:56Z
vkKtqHV6JvE	done	src/content/sources/2026-07-24-john-kiriakou-the-story-no-ones-talking-about-houthis-targe.md	2026-08-04T03:00:01Z
wOZ5zrZN7r8	done	src/content/sources/2026-07-24-john-kiriakou-breaking-could-netanyahu-be-arrested-in-new-y.md	2026-08-04T03:00:06Z
NnByUJPK42Q	done	src/content/sources/2026-07-17-john-kiriakou-viral-john-kiriakou-reacts-to-fan-edits.md	2026-08-04T03:00:11Z
7mkVPXQZS-Q	done	src/content/sources/2026-07-31-john-kiriakou-who-really-is-reza-pahlavi-jkbr-highlight.md	2026-08-04T03:00:16Z
ZVJVEy0Zu80	done	src/content/sources/2026-07-17-john-kiriakou-insane-israel-detains-u-s-congressman-highlig.md	2026-08-04T03:00:22Z
https://sphinx.acast.com/p/open/s/68e695c6d798804c9e4bbd13/e/6a6eaae961ae402f61b96f44/media.mp3	done	src/content/sources/2026-08-03-dead-drop-s2e12-dangerous.md	2026-08-04T03:23:15Z
https://sphinx.acast.com/p/open/s/68e695c6d798804c9e4bbd13/e/6a62505222500f71202ce878/media.mp3	done	src/content/sources/2026-07-27-dead-drop-s2e11-unfinished-business.md	2026-08-04T03:32:41Z
https://sphinx.acast.com/p/open/s/68e695c6d798804c9e4bbd13/e/6a5445d2e31e37bb56364cb3/media.mp3	done	src/content/sources/2026-07-20-dead-drop-s2e10-food-glorious-food.md	2026-08-04T03:45:22Z
https://sphinx.acast.com/p/open/s/68e695c6d798804c9e4bbd13/e/6a4eaf521c8f5a97d879ac70/media.mp3	done	src/content/sources/2026-07-13-dead-drop-s2e9-killing-fascism.md	2026-08-04T03:54:12Z
vCB56HbNvOo	done	src/content/sources/2026-07-23-cyprus-diaspora-forum-john-kiriakou-fireside-chat.md	2026-08-05T16:48:28Z
WF8NOMGWI2o	rejected	multi-guest-panel-attribution-unsafe	2026-08-05T16:50:27Z
jcg5aO_H9OU	skipped	-	2026-08-06T16:38:38Z
2k0Rz71HCIE	done	src/content/sources/2026-04-02-kim-iversen-israel-and-al-qaeda-cia-whistleblower-exposes.md	2026-08-06T16:43:24Z
AOLKpvbVzh4	done	src/content/sources/2016-04-26-fort-collins-community-action-network-john-kiriakou-cia-whistle-blower-part-2.md	2026-08-06T16:56:41Z
https://anchor.fm/s/ef9dcb38/podcast/play/101469685/https%3A%2F%2Fd3ctxlq1ktw2nl.cloudfront.net%2Fstaging%2F2025-3-18%2F2cbe9767-4317-72e4-140f-56aaf21e6ab2.mp3	done	src/content/sources/2025-04-18-colonial-outcasts-cia-whistleblower-john-kiriakou-on-renditions.md	2026-08-06T17:05:32Z
https://traffic.megaphone.fm/APO7631875012.mp3	done	src/content/sources/2023-10-13-the-sharyl-attkisson-podcast-200-cia-whistleblower-john-kiriakou-on-assang.md	2026-08-06T17:27:58Z
https://traffic.megaphone.fm/APO7722652056.mp3	done	src/content/sources/2021-03-24-the-platform-talk-podcast-from-cia-whistleblower-to-convicted-felon-to.md	2026-08-06T17:29:57Z
j6O9FnnYdDA	done	src/content/sources/2025-09-03-ironclad-ex-cia-officer-epstein-was-an-israeli-asset-a.md	2026-08-06T17:58:49Z
https://www.podtrac.com/pts/redirect.mp3/pdst.fm/e/clrtpod.com/m/pscrb.fm/rss/p/mgln.ai/e/1184/traffic.megaphone.fm/IRD2188020169.mp3?updated=1757229957	dup	-	2026-08-06T17:58:58Z
https://traffic.libsyn.com/secure/ucaststudios/TalkSpot_John_Kiriakou.mp3?dest-id=966392	done	src/content/sources/2024-12-19-u-cast-studios-john-kiriakou-on-the-cia-torture-and-more-the.md	2026-08-06T18:00:57Z
https://anchor.fm/s/4ed344f8/podcast/play/107722899/https%3A%2F%2Fd3ctxlq1ktw2nl.cloudfront.net%2Fstaging%2F2025-8-2%2F406759437-44100-2-88aabbdc35232.m4a	done	src/content/sources/2025-09-02-yung-flamingo-club-yung-flamingo-club-john-kiriakou.md	2026-08-06T18:37:25Z
https://traffic.libsyn.com/secure/ucaststudios/John_Kiriakou_On_Venezuela_The_Maduro_Trial_And_More_The_Talk_Spot.mp3?dest-id=966392	done	src/content/sources/2026-02-05-u-cast-studios-john-kiriakou-on-venezuela-the-maduro-trial-a.md	2026-08-06T18:56:52Z
https://podcasts.captivate.fm/media/8f2c30ac-a6b9-44a8-a2eb-3a01567373fd/John-Kiriakou-Ep-206-Final.mp3	done	src/content/sources/2023-01-07-macro-n-cheese-spelunking-the-deep-state-with-john-kiriakou.md	2026-08-06T20:03:49Z
https://www.podtrac.com/pts/redirect.mp3/pdst.fm/e/clrtpod.com/m/pscrb.fm/rss/p/mgln.ai/e/1184/traffic.megaphone.fm/IRD1153214884.mp3?updated=1744394185	dup	src/content/sources/2025-04-07-ironclad.md	2026-08-07T16:45:00Z
https://anchor.fm/s/4ae2c0e4/podcast/play/61664395/https%3A%2F%2Fd3ctxlq1ktw2nl.cloudfront.net%2Fstaging%2F2022-11-4%2Fcf640ad3-6156-36cc-b251-7e45baeb72ef.mp3	done	src/content/sources/2022-12-04-rfk-jr-podcast-cia-whistleblower-john-kiriakou.md	2026-08-07T16:42:08Z
https://traffic.megaphone.fm/APO8121469842.mp3	done	src/content/sources/2018-07-28-discussions-of-truth-former-cia-agent-john-kiriakou.md	2026-08-07T16:53:59Z
https://traffic.libsyn.com/secure/tellsomebody/ts_2015_05_21a.mp3?dest-id=20629	done	src/content/sources/2015-05-21-tell-somebody-cia-whistleblower-john-kiriakou-and-peace-act.md	2026-08-07T16:58:48Z
https://www.buzzsprout.com/1798604/episodes/9155620-jailing-the-messenger-the-cia-s-torture-whistleblower-feat-john-kiriakou.mp3	done	src/content/sources/2021-09-08-primary-sources-jailing-the-messenger-the-cia-s-torture-whist.md	2026-08-07T17:16:10Z
https://anchor.fm/s/1bea3808/podcast/play/116822825/https%3A%2F%2Fd3ctxlq1ktw2nl.cloudfront.net%2Fstaging%2F2026-2-12%2Fb85df2c7-ba6f-aa3d-b064-2e547782d5c2.mp3	rejected	kiriakou-not-present-hosts-discuss-him-in-passing	2026-08-07T17:35:00Z
https://anchor.fm/s/fc419e50/podcast/play/101493938/https%3A%2F%2Fd3ctxlq1ktw2nl.cloudfront.net%2Fstaging%2F2025-3-19%2F398657556-44100-2-5b38c9edf283b.mp3	done	src/content/sources/2025-04-19-the-big-mig-show-ex-cia-and-founder-of-panquake-john-kiriakou.md	2026-08-07T17:48:40Z
https://www.c-span.org/program/book-tv/after-words-with-john-kiriakou/223989	done	src/content/sources/2010-04-23-c-span-book-tv-after-words-after-words-with-john-kiriakou-interviewed-by.md	2026-08-07T18:13:20Z
https://dts.podtrac.com/redirect.mp3/stitcher.simplecastaudio.com/71098f10-ffc0-43b2-82f5-9e12b4d79b7f/episodes/82da2d96-ca8a-43b3-b4be-2f2eff290803/audio/128/default.mp3?aid=rss_feed&awCollectionId=71098f10-ffc0-43b2-82f5-9e12b4d79b7f&awEpisodeId=82da2d96-ca8a-43b3-b4be-2f2eff290803&feed=HFfCVCG8	done	src/content/sources/2021-09-25-abe-lincoln-s-top-hat-episode-572-blowing-the-whistle-with-john-kir.md	2026-08-07T18:21:54Z
https://rumble.com/v6wm8ya-everybody-hates-israel-interview-with-expert-john-kiriakou.html	done	src/content/sources/2025-07-24-deepstatebear-everybody-hates-israel.md	2026-08-07T19:01:13Z
https://anchor.fm/s/67e8620c/podcast/play/109738431/https%3A%2F%2Fd3ctxlq1ktw2nl.cloudfront.net%2Fstaging%2F2025-9-16%2F1a173e13-76bf-e2cd-7faa-c93b9e9fd1df.mp3	done	src/content/sources/2025-10-16-seymizzle-podcast-ask-ex-cia-agent-and-whistleblower-john-kiria.md	2026-08-07T19:03:54Z
https://pdcn.co/e/mcdn.podbean.com/mf/web/55p2mvhe88ir2uet/JOHN_KIRIAKOU_PODCAST8utcv-z33sid-Optimized.mp3	done	src/content/sources/2025-05-19-the-free-thought-project-podcast-guest-john-kiriakou-cia-whistleblower-on-amer.md	2026-08-07T19:15:43Z
https://dts.podtrac.com/redirect.mp3/api.spreaker.com/download/episode/64634535/john_kiriakou_cia_whistleblower_on_uaps_and_government_transparency.mp3	done	src/content/sources/2025-02-28-lehto-files-investigating-uaps-cia-whistleblower-john-kiriakou-on-uap-crash.md	2026-08-07T19:30:28Z
https://rss.art19.com/episodes/ef6bef9b-1e81-4cd8-9cd8-04e03139c2d6.mp3?rss_browser=BAhJIgtDaHJvbWUGOgZFVA%3D%3D--d05363d83ce333c74f32188013892b2863ad051c	done	src/content/sources/2025-03-24-sarah-westall-business-game-changers-cia-coups-coverups-and-torture-cia-whistleblo.md	2026-08-07T19:41:38Z
https://dts.podtrac.com/redirect.mp3/api.spreaker.com/download/episode/69822370/285569_eric_cinotti_unplugged_2025_10_06_exposing_the_whistleblowing_against_the_cia.mp3	done	src/content/sources/2026-02-05-eric-a-cinotti-unplugged-cia-whistleblower-john-kiriakou-exposes-post.md	2026-08-07T19:53:09Z
https://www.buzzsprout.com/1101926/episodes/12352903-usa-secrecy-superpower.mp3	skipped	multi-contributor-academic-series-attribution-unsafe	2026-08-07T20:00:00Z
EnUe3KD9OtY	rejected	re-upload-of-2026-08-01-briefing-room-qa-94.9pct	2026-08-08T08:05:00Z
OF51y2a5Od0	done	src/content/sources/2026-08-06-the-kiriakou-archive-john-kiriakou-on-netanyahu-s-private-meeting.md	2026-08-09T12:51:04Z
https://www.mixcloud.com/homebrewedculturecast/when-doing-good-breaks-the-law-with-john-kiriakou/	failed	-	2026-08-09T17:21:26Z
https://feeds.feedburner.com/HomebrewedChristianityCulturecast	failed	-	2026-08-09T17:23:14Z
https://rss.libsyn.com/shows/32365/destinations/70728.xml	done	src/content/sources/2026-02-10-epic-real-estate-investing-ex-cia-officer-americans-have-no-idea-what-is.md	2026-08-09T17:23:32Z
https://www.spreaker.com/show/4221519/episodes/feed	done	src/content/sources/2016-01-12-the-sharin-hour-the-sharin-hour-1-11-16-john-kiriakou-ex-c-i.md	2026-08-09T17:27:18Z
_cVnFagpXow	done	src/content/sources/2026-07-28-dissidentklubben-a-conversation-with-john-kiriakou.md	2026-08-09T17:28:40Z
https://www.spreaker.com/show/4221519/episodes/feed?x=2	done	src/content/sources/2016-08-02-the-sharin-hour-the-sharin-hour-7-30-16-john-kiriakou-cia.md	2026-08-09T17:31:28Z
https://www.spreaker.com/show/4221519/episodes/feed?x=2	dup	2016-01-12-the-sharin-hour (89.6% shingle overlap, same taping re-aired)	2026-08-09T17:38:22Z
https://peterbcollins.com/feed/podcast/	done	src/content/sources/2021-04-15-peter-b-collins-show-whistleblowers-kiriakou-and-hickman-finger-se.md	2026-08-09T17:54:34Z
https://rss.libsyn.com/shows/32365/destinations/70728.xml	dup	2026-02-09-epic-real-estate (73% overlap; feed release lags the YouTube upload by a day)	2026-08-09T18:14:51Z
https://feeds.buzzsprout.com/1572253.rss	parked	whisper2vtt.py hung 4h at 49:12 of 144m; length/format risk carried since 2026-08-06	2026-08-09T18:20:39Z
https://peterbcollins.com/feed/podcast/	skipped	two-guest (Kiriakou + Joseph Hickman), no speaker labels — attribution unsafe under doctrine rule 4	2026-08-09T18:21:17Z
https://feeds.captivate.fm/scheer-intelligence/	done	src/content/sources/2015-12-11-scheer-intelligence-john-kiriakou-a-whistleblower-on-torture.md	2026-08-09T18:30:01Z
https://feeds.captivate.fm/scheer-intelligence/?e=3	done	src/content/sources/2022-04-01-scheer-intelligence-biden-denies-cia-torture-victims-their-day-in.md	2026-08-09T18:37:02Z
52	failed	resolve	2026-08-09T18:37:03Z
https://feeds.captivate.fm/scheer-intelligence/?e=5	done	src/content/sources/2023-12-15-scheer-intelligence-the-never-ending-war-on-terror.md	2026-08-09T18:43:06Z
45	failed	resolve	2026-08-09T18:43:07Z
https://feeds.captivate.fm/scheer-intelligence/?e=5	skipped	Kiriakou is NOT in it — guests are Kate Stonehill and Mohammed Rabbani (Phantom Parrot); he is only referenced by the host	2026-08-09T18:44:19Z
https://anchor.fm/s/13787af4/podcast/rss	skipped	End Time America — prophecy commentary show, Kiriakou presence unverified; dropped after the Scheer 2023-12-15 false positive	2026-08-09T18:46:54Z
https://feeds.captivate.fm/scheer-intelligence/?e=7	done	src/content/sources/2021-10-29-scheer-intelligence-daniel-hale-and-america-s-unending-persecutio.md	2026-08-09T18:54:58Z
33	failed	resolve	2026-08-09T18:54:58Z
https://feeds.captivate.fm/scheer-intelligence/?e=9	done	src/content/sources/2021-05-21-scheer-intelligence-a-former-cia-mideast-expert-s-view-of-the-isr.md	2026-08-09T19:03:22Z
https://feeds.captivate.fm/scheer-intelligence/?e=11	done	src/content/sources/2024-03-29-scheer-intelligence-its-a-secret-only-when-uncle-sam-says-it-is.md	2026-08-09T19:09:33Z
79	failed	resolve	2026-08-09T19:09:33Z
https://podcasts.captivate.fm/media/2f8b3ade-e122-4955-9495-0e114b89f931/audio.mp3	done	src/content/sources/2018-04-06-scheer-intelligence-john-kiriakou-the-wrong-direction-for-the-cia.md	2026-08-10T16:20:39Z
https://podcasts.captivate.fm/media/e58b8a62-12d2-4efc-ab69-fee65eb608c6/audio.mp3	done	src/content/sources/2022-05-20-scheer-intelligence-its-scoundrel-time-in-the-good-ol-usa.md	2026-08-10T16:43:46Z
https://dissentradio.com/radio/21_02_12_kirakou.mp3	done	src/content/sources/2021-02-12-scott-horton-john-kiriakou-on-the-governments-dangerous-re.md	2026-08-10T16:59:47Z
https://www.buzzsprout.com/1903718/episodes/10552599-julian-assange-the-u-s-war-on-whistleblowers-with-john-kiriakou.mp3	done	src/content/sources/2022-05-04-covertaction-bulletin-julian-assange-and-the-u-s-war-on-whistleblow.md	2026-08-10T17:03:58Z
https://podcasts.captivate.fm/media/b4017d75-d6fb-48de-9c84-6c6322cfdf62/audio.mp3	done	src/content/sources/2023-09-22-scheer-intelligence-john-kiriakou-never-forget-americas-torture-l.md	2026-08-10T19:12:19Z
https://rumble.com/v2ygmna-false-flags-and-real-terrorists-w-john-kiriakou.html	done	src/content/sources/2023-07-06-am-wakeup-false-flags-real-terrorists-w-john-kiriakou.md	2026-08-11T16:50:39Z
https://rumble.com/v75mc26-war-with-iran-interview-with-john-kiriakou-and-news-on-glyphosate-the-epa-a.html	done	src/content/sources/2026-02-11-health-ranger-report-war-with-iran-interview-with-john-kiriakou.md	2026-08-11T17:13:05Z
95O6yZUi3Jw	done	src/content/sources/2026-08-11-john-kiriakou-a-shocking-new-alliance-emerges-in-the-middle.md	2026-08-12T11:17:50Z
Acka-0VUri8	done	src/content/sources/2026-08-06-john-kiriakou-trump-is-coming-for-the-man-who-put-me-in-pri.md	2026-08-12T11:17:55Z
RzkZpg3HB50	done	src/content/sources/2026-08-04-john-kiriakou-who-is-really-behind-the-migrant-crisis-in-ce.md	2026-08-12T11:18:00Z
https://archive.org/download/satvma-Foresight_with_Ken_Weaver--John_Kiriakou_Whistleblower_at_the_CIA_2-21-19/Foresight_with_Ken_Weaver--John_Kiriakou_Whistleblower_at_the_CIA_2-21-19.mp3	done	src/content/sources/2019-02-21-foresight-with-ken-weaver-john-kiriakou-whistleblower-at-the-cia.md	2026-08-12T17:15:30Z
https://archive.org/download/citizenradio_2013-01-23/Citizen_Radio_01-23-13.mp3	done	src/content/sources/2013-01-23-citizen-radio-former-cia-officer-john-kiriakou-on-the-obama.md	2026-08-12T18:37:03Z
https://www.buzzsprout.com/1572253/episodes/7198888-new-years-eve-part-1-english.mp3	done	src/content/sources/2020-01-01-potkaars-podcast-new-years-eve-part-1-english.md	2026-08-12T18:40:02Z
https://traffic.libsyn.com/secure/davidgornoski/Neighborschoice_10-15-19_JKiriakou.mp3?dest-id=1554941	done	src/content/sources/2019-10-15-david-gornoski-a-neighbors-choice-john-kiriakou-on-the-cia-ukraine-whistleblowe.md	2026-08-13T00:55:32Z
https://soundcloud.com/this-is-hell/925johnkiriakou	done	src/content/sources/2016-11-07-this-is-hell-we-should-all-be-afraid-a-whistleblowers-repo.md	2026-08-13T01:09:26Z
https://soundcloud.com/wort-fm/a-public-affair-monday-august-17th	done	src/content/sources/2015-08-17-a-public-affair-wort-89-9-fm-a-public-affair-monday-august-17th.md	2026-08-13T01:25:08Z
https://www.buzzsprout.com/1599790/episodes/14340827-how-espionage-works-former-cia-spy-john-kiriakou-interview.mp3	done	src/content/sources/2024-01-19-the-independent-riot-how-espionage-works-former-cia-spy-john-kiria.md	2026-08-13T01:37:43Z
https://soundcloud.com/katedalleyradio/0811john-kiriakou-ex-cia-spy-tells-all	done	src/content/sources/2017-08-11-kate-dalley-radio-john-kiriakou-ex-cia-spy-tells-all.md	2026-08-13T01:52:34Z
https://archive.org/download/citizenradio_2010-01-30/Citizen_Radio_01-30-10.mp3	done	src/content/sources/2010-01-30-citizen-radio-torture-still-doesnt-work-and-neither-does-da.md	2026-08-13T02:07:38Z
https://archive.org/details/citizenradio_2010-01-30	rejected-not-a-guest	-	2026-08-13T02:08:20Z
https://podcasts.captivate.fm/media/c7673f03-c38b-4755-95ae-8044a6a9eb88/show-9984275-2017-04-30-17-08-27.mp3	done	src/content/sources/2017-04-30-sound-health-options-doing-time-like-a-spy-how-the-cia-taught-me-t.md	2026-08-13T02:21:08Z
https://api.substack.com/feed/podcast/101244999/c6968c45cb152bde19c666b9be4b2816.mp3	done	src/content/sources/2023-02-06-in-limine-podcast-in-limine-john-kiriakou.md	2026-08-13T02:44:18Z
https://audio3.redcircle.com/episodes/d3a714fb-7e24-4c94-b868-b2a391199c9f/stream.mp3	done	src/content/sources/2019-10-31-useful-idiots-cia-whistleblower-john-kiriakou-on-impeachmen.md	2026-08-13T03:12:37Z
https://dts.podtrac.com/redirect.mp3/api.spreaker.com/download/episode/65120149/656b_john_kiriakou.mp3	done	src/content/sources/2025-03-26-podcast-ufo-656b-former-cia-john-kiriakou.md	2026-08-13T03:52:34Z
https://dts.podtrac.com/redirect.mp3/api.spreaker.com/download/episode/65120149/656b_john_kiriakou.mp3	dup	2025-03-26-podcast-ufo-live-shows (79.1%)	2026-08-13T03:54:41Z
https://archive.org/download/alth-episode-572-blowing-the-whistle-w_-john-kiriakou/ALTH%20ep%20572%20-%20Blowing%20the%20Whistle%20w_%20John%20Kiriakou.mp3	done	src/content/sources/2021-09-25-abe-lincolns-top-hat-episode-572-blowing-the-whistle-w-john-kiriak.md	2026-08-13T04:19:56Z
archive.org/details/alth-episode-572	dup	2021-09-25-abe-lincoln-s-top-hat... (90.9%)	2026-08-13T04:21:00Z
https://traffic.libsyn.com/secure/clearingthefogradioshow/CtF_Show_8_24_20.mp3?dest-id=122538	done	src/content/sources/2020-08-24-clearing-the-fog-the-banal-evil-of-us-imperialism-a-view-from.md	2026-08-13T04:36:05Z
https://dts.podtrac.com/redirect.mp3/api.spreaker.com/download/episode/72985685/wabc3633363802.mp3	done	src/content/sources/2019-12-23-one-tough-podcast-with-bo-dietl-episode-76-john-kiriakou.md	2026-08-13T16:51:34Z
http://www.podtrac.com/pts/redirect.mp3/peterbcollins.com/podcast/PBC_20170519p2021.mp3	done	src/content/sources/2017-05-19-peter-b-collins-show-in-depth-interview-former-cia-officer-john-ki.md	2026-08-13T16:54:13Z
https://www.buzzsprout.com/1741657/episodes/19128826-john-kiriakou-cia-whistleblower-exposed-torture-program-and-paid-the-price.mp3	done	src/content/sources/2026-05-05-whistleblower-of-the-week-john-kiriakou-cia-whistleblower-exposed-tortu.md	2026-08-13T17:05:12Z
https://d3ctxlq1ktw2nl.cloudfront.net/staging/2021-4-13/21e6cd74-9b13-9e25-074d-b1645eb30c7b.mp3	done	src/content/sources/2021-05-13-green-socialist-notes-episode-056-whistleblowers-with-special-guest.md	2026-08-13T17:20:02Z
https://d3ctxlq1ktw2nl.cloudfront.net/staging/2026-5-16/bbac5a4e-a2b4-bc9a-1c8b-beeb946cc5c9.m4a	done	src/content/sources/2026-06-16-joannes-wyckmans-podcast-john-kiriakou-cia-secrets-soft-power-and-the.md	2026-08-13T17:36:45Z
_T7J-jzEo9Q	done	src/content/sources/2026-08-13-na-they-used-what-to-hide-the-president-ep-10.md	2026-08-14T11:13:02Z
https://youtu.be/7Q5cbp6C4CU	failed	-	2026-08-14T16:27:48Z
https://youtu.be/zNDWqIJjkGI	dup	src/content/sources/2026-04-13-crossing-faiths.md	2026-08-14T16:27:51Z
4njeXUnWFqc	done	src/content/sources/2024-12-12-jackman-radio-episode-188-former-cia-officer-john-kiriakou.md	2026-08-14T16:28:34Z
7Q5cbp6C4CU	done	src/content/sources/2025-07-21-capital-and-coast-jailed-for-exposing-cia-secrets-john-kiriakou.md	2026-08-14T16:28:41Z
SbEng6UYapY	done	src/content/sources/2026-07-31-julian-dorey-and-zach-foust-show-rigged-game-the-fed-rothschilds-john-kiriakou.md	2026-08-16T17:04:28Z
jOzI8j-dHKg	done	src/content/sources/2026-07-22-best-of-danny-jones-cia-whistleblower-debates-cia-loyalist-you-re.md	2026-08-16T17:04:34Z
1cR-973R0fc	done	src/content/sources/2026-09-03-john-kiriakou-keeping-pressure-on-the-epstein-files-and-exposing.md	2026-09-14T03:49:36Z
1faXzlJvh-Y	done	src/content/sources/2026-01-05-deprogram-show-grand-theft-oil.md	2026-09-14T03:49:36Z
1xH9YIlzHBo	done	src/content/sources/2026-03-30-deprogram-show-going-to-ground.md	2026-09-14T03:49:36Z
5YB49wIsj1Y	done	src/content/sources/2026-04-02-deprogram-show-with-a-victory-like-this.md	2026-09-14T03:49:36Z
6ntnvq7-Qzg	done	src/content/sources/2026-03-23-deprogram-show-iran-to-us-drop-dead.md	2026-09-14T03:49:36Z
8KiPXx17pPY	done	src/content/sources/2026-08-07-john-kiriakou-who-in-congress-would-make-the-best-spy.md	2026-09-14T03:49:36Z
9zNt7SnxegI	done	src/content/sources/2026-09-08-john-kiriakou-the-cia-s-hollywood-secrets-and-fetterman-s.md	2026-09-14T03:49:36Z
A8LixoRzEfM	done	src/content/sources/2025-09-16-the-disinfo-detox-inside-the-cia-secrets-scandals-and-the-price.md	2026-09-14T03:49:36Z
CPUA7v3SK3U	done	src/content/sources/2026-07-31-judge-napolitano-judging-freedom-intel-roundtable-weekly-wrap-31-july-4pm-and.md	2026-09-14T03:49:36Z
CosG4ghqMLY	done	src/content/sources/2026-03-13-deprogram-show-11-billion-a-week.md	2026-09-14T03:49:36Z
Ddj51-ba1C0	done	src/content/sources/2026-07-28-john-kiriakou-shocking-new-footage-of-lindsey-graham-moments.md	2026-09-14T03:49:36Z
ET_ee3W8NPY	done	src/content/sources/2026-08-26-middle-east-eye-rips-into-israeli-takeover-of-greece.md	2026-09-14T03:49:36Z
KAB0I2HIWzI	done	src/content/sources/2026-04-01-deprogram-show-qanda.md	2026-09-14T03:49:36Z
LZcMRAW_NEw	done	src/content/sources/2026-05-31-john-kiriakou-went-to-prison-for-revealing-the-cias-post.md	2026-09-14T03:49:36Z
LiE24FEvx88	done	src/content/sources/2026-03-26-deprogram-show-the-bad-war.md	2026-09-14T03:49:36Z
MDNWVWp2JZg	done	src/content/sources/2025-12-22-deprogram-show-nothing-to-see-here.md	2026-09-14T03:49:36Z
NVZytrO9S8U	done	src/content/sources/2026-03-25-deprogram-show-v-i-in-his-imagination-day.md	2026-09-14T03:49:36Z
OnIZLPJwH0g	done	src/content/sources/2026-08-27-john-kiriakou-the-not-so-secret-moscow-mission-why-the.md	2026-09-14T03:49:36Z
PJmggTeA9kE	done	src/content/sources/2026-05-29-john-kiriakou-new-posdcast-6-secrets-that-have-never-been.md	2026-09-14T03:49:36Z
PlVHOkspl68	done	src/content/sources/2026-03-27-deprogram-show-taco-toos-day.md	2026-09-14T03:49:36Z
QFMwHlR63xk	done	src/content/sources/2025-12-16-deprogram-show-fly-the-fiendish-skies.md	2026-09-14T03:49:36Z
QTINgVt2cw0	done	src/content/sources/2026-08-27-victor-bout-cia-vs-pentagon-hidden-rivalry-and-unsavory-deals.md	2026-09-14T03:49:36Z
TXE-5Ou0UKE	done	src/content/sources/2026-07-31-mario-nawfal-bibi-confronts-vance-behind-closed-doors-over-anti.md	2026-09-14T03:49:36Z
TkRAo0eDnK0	done	src/content/sources/2026-07-21-john-kiriakou-this-is-why-irans-missiles-will-keep-coming.md	2026-09-14T03:49:36Z
W3WT-SfO0oI	done	src/content/sources/2026-05-28-john-kiriakou-new-posdcast-4-secrets-that-have-never-been.md	2026-09-14T03:49:36Z
XGaVeJrPau8	done	src/content/sources/2026-08-18-john-kiriakou-israel-is-going-after-me-for-my-show.md	2026-09-14T03:49:36Z
Y6VSjyqJfzY	done	src/content/sources/2026-05-28-john-kiriakou-new-posdcast-5-secrets-that-have-never-been.md	2026-09-14T03:49:36Z
Y8MidiO_Jq8	done	src/content/sources/2026-08-14-john-kiriakou-trumps-escape-is-just-the-latest-famous-getaways.md	2026-09-14T03:49:36Z
YdcUTo7BGVc	done	src/content/sources/2026-09-01-john-kiriakou-how-the-cia-ruined-the-9-11-confession.md	2026-09-14T03:49:36Z
ZPT8hksdn2w	done	src/content/sources/2025-12-10-deprogram-show-trump-to-europe-drop-dead.md	2026-09-14T03:49:36Z
ZbjpYJpzmms	done	src/content/sources/2026-08-22-2600-oak-lawn-both-sides-of-the-wire-surveillance-whistleblowing-and.md	2026-09-14T03:49:36Z
a9b1yqsUsx8	done	src/content/sources/2026-03-31-deprogram-show-with-israel-legalizes-lynching-deprogram-with-ted-rall.md	2026-09-14T03:49:36Z
acXDhfZkFXo	done	src/content/sources/2026-03-24-deprogram-show-unfriendly-skies.md	2026-09-14T03:49:36Z
ak-KFGimFkA	done	src/content/sources/2026-06-01-john-kiriakou-new-posdcast-14-secrets-that-have-never-been.md	2026-09-14T03:49:36Z
bEMsJi2P6PA	done	src/content/sources/2026-08-14-the-young-turks-discusses-bogus-israeli-intel-and-civilian-slaughter-coverup.md	2026-09-14T03:49:36Z
bx9sMchEMOs	done	src/content/sources/2026-03-09-deprogram-show-ecocide-in-iran.md	2026-09-14T03:49:36Z
ch90uEZSNGY	done	src/content/sources/2026-04-01-deprogram-show-regime-ch-ch-ch-changes.md	2026-09-14T03:49:36Z
dM880r4U9Y4	done	src/content/sources/2026-07-14-john-kiriakou-my-honest-thoughts-about-lindsey-graham.md	2026-09-14T03:49:36Z
dlbiZLz2ZJQ	done	src/content/sources/2026-09-11-doug-bopst-cia-whistleblower-how-to-escape-the.md	2026-09-14T03:49:36Z
ftznt3LxoEI	done	src/content/sources/2026-07-13-the-young-turks-parsi-and-kiriakou-explain-u-s-foreign-policy.md	2026-09-14T03:49:36Z
grWxsQp1l3U	done	src/content/sources/2026-09-03-sanchez-effect-sanchez-effect.md	2026-09-14T03:49:36Z
hcWe071ibjY	done	src/content/sources/2026-07-28-77-wabc-radio-michael-cohen-and-expose-how-the-government-breaks.md	2026-09-14T03:49:36Z
iMC_nNUkkT4	done	src/content/sources/2026-09-10-john-kiriakou-bombshell-report-netanyahu-was-warned-before-october-7th.md	2026-09-14T03:49:36Z
j09ZaBP3Bu8	done	src/content/sources/2026-09-05-john-kiriakou-would-i-run-for-president.md	2026-09-14T03:49:36Z
k2u1EKaGUZg	done	src/content/sources/2026-02-24-deprogram-show-mideast-on-alert.md	2026-09-14T03:49:36Z
l6hUktZNut8	done	src/content/sources/2026-07-31-american-exception-israel-vs-the-cia-ae260.md	2026-09-14T03:49:36Z
mcdQYoQW8e4	done	src/content/sources/2026-08-02-al-jazeera-english-cia-whistleblower-on-accountability-and-cia-s-history.md	2026-09-14T03:49:36Z
rQD9soOOCf8	done	src/content/sources/2025-12-04-dave-smith-dave-smith.md	2026-09-14T03:49:36Z
t1KKn_2U_Vg	done	src/content/sources/2026-07-23-john-kiriakou-why-now-jd-vance-breaks-from-white-house.md	2026-09-14T03:49:36Z
uLMBpWK0fG8	done	src/content/sources/2026-07-21-one-night-with-john-kiriakou-exposes-which-celebrities-are-in.md	2026-09-14T03:49:36Z
uxHODlAhiBk	done	src/content/sources/2026-06-06-jay-dyer-and-jay-dyer-cia-use-of-evangelicalism-scofield.md	2026-09-14T03:49:36Z
wD9jQeh8JO8	done	src/content/sources/2026-09-02-big-picture-with-james-patrick-war-diplomacy-and-what-comes-next.md	2026-09-14T03:49:36Z
wGucFQykKq8	done	src/content/sources/2026-08-20-john-kiriakou-white-house-melts-down-over-jon-ossoff.md	2026-09-14T03:49:36Z
wupvfdWIvH0	done	src/content/sources/2026-08-25-john-kiriakou-the-netanyahu-referendum-can-bibi-survive.md	2026-09-14T03:49:36Z
xk7IWpbbMcU	done	src/content/sources/2026-07-16-john-kiriakou-how-to-avoid-a-honey-trap-a-spy.md	2026-09-14T03:49:36Z
yJVUqlEZ2zQ	done	src/content/sources/2026-07-28-to-my-sons-and-daughters-truth-betrayal-and-the-cost-of-speaking-out.md	2026-09-14T03:49:36Z
